FDA preferred term	UNII	Drugbank Name	Drugbank Id	Rxcui	RxTerm
10,12-OCTADECADIENOIC ACID, (10E,12Z)-	N151ZM4M27	(10E,12Z)-OCTADECA-10,12-DIENOIC ACID	DB04746		
12-BROMODODECANOIC ACID	RP072ZQ00E	12-BROMODODECANOIC ACID	DB02405		
1,2-DIMETHOXYETHANE	GXS24JF5IW	1,2-DIMETHOXYETHANE	DB01749		
1,3,5-BENZENETRICARBOXYLIC ACID	OU36OO5MTN	1,3,5-BENZENETRICARBOXYLIC ACID	DB08632		
1,3-DIPHENYLUREA	94YD8RMX5B	1,3-DIPHENYLUREA	DB07496		
1,4-BUTANEDIOL	7XOO2LE6G3	1,4-BUTANEDIOL	DB01955		
1-AMINOCYCLOPROPANECARBOXYLIC ACID	3K9EJ633GL	1-AMINOCYCLOPROPANECARBOXYLIC ACID	DB02085		
1-PIPERIDINOCYCLOHEXANECARBONITRILE	03ZI7ZZW5Q	1-PIPERIDINOCYCLOHEXANECARBONITRILE	DB01539		
1-TESTOSTERONE	Y984BV1Q0G	DELTA1-DIHYDROTESTOSTERONE	DB01481		
2,2,2-TRIFLUOROETHANOL	8T8I76KYF1	TRIFLUOROETHANOL	DB03226		
2,4,6-TRIBROMOPHENOL	YS6K3EU393	2,4,6-TRIBROMOPHENOL	DB02417		
2,4,6-TRINITROTOLUENE	H43RF5TRM5	TRINITROTOLUENE	DB01676		
2,4-DIHYDROXYBENZOIC ACID	LU39SC9JYL	2,4-DIHYDROXYBENZOIC ACID	DB02839	1368632	PIN
2,4-DINITROPHENOL	Q13SKS21MN	2,4-DINITROPHENOL	DB04528		
2,5-XYLIDINE	XWK0W8DA04	2,5-XYLIDINE	DB02163		
2,6-NAPHTHALENEDISULFONIC ACID	BOR133U3TN	NAPHTHALENE-2,6-DISULFONIC ACID	DB04640		
2,6-PYRIDINEDICARBOXYLIC ACID	UE81S5CQ0G	DIPICOLINIC ACID	DB04267		
2-CHLOROPHENOL	K9KAV4K6BN	2-CHLOROPHENOL	DB03110		
2-(CYCLOHEXYLAMINO)ETHANESULFONIC ACID	71X53V3RZ1	N-CYCLOHEXYLTAURINE	DB03309		
2-HYDROXYCINNAMIC ACID, (2E)-	23AU5FZB9C	TRANS-2-HYDROXYCINNAMIC ACID	DB01650		
2-HYDROXYETHYL DISULFIDE	45543L74BS	2-HYDROXYETHYL DISULFIDE	DB02486		
2-ISOBUTYL-3-METHOXYPYRAZINE	S327O0T12O	2-ISOBUTYL-3-METHOXYPYRAZINE	DB04512		
2-ISOPROPYL-3-METHOXYPYRAZINE	1FL7L111A6	2-METHOXY-3-ISOPROPYLPYRAZINE	DB01760		
2-MERCAPTOPYRIDINE	EE982KT952	2-PYRIDINETHIOL	DB03329		
2-NAPHTHALENESULFONIC ACID	O9S4K2S25E	2-NAPHTHALENESULFONIC ACID	DB08254		
2-NITRO-P-CRESOL	P92KPK2NL3	2-NITRO-P-CRESOL	DB04110		
3-(3,4-DIMETHOXYPHENYL)PROPIONIC ACID	6XO32ZSP1D	3-(3,4-DIMETHOXYPHENYL)PROPIONIC ACID	DB04208		
3,3',5,5'-TETRAIODOTHYROACETIC ACID	PA7UX1FFYQ	3,3',5,5'-TETRAIODOTHYROACETIC ACID	DB01751		
3,4-DIHYDROXYBENZOIC ACID	36R5QJ8L4B	3,4-DIHYDROXYBENZOIC ACID	DB03946		
3,4-XYLENOL	4L479F5JU6	3,4-DIMETHYLPHENOL	DB04052		
3,4-XYLIDINE	R27I33AIDT	3,4-DIMETHYLANILINE	DB03018		
3,5-DIIODOSALICYLIC ACID	1496OH15B6	2-HYDROXY-3,5-DIIODOBENZOIC ACID	DB04674		
3,5-DINITROCATECHOL	VK0VA22GY2	3,5-DINITROCATECHOL	DB02105		
3-FLUOROTYROSINE, L-	174NRG3M2X	3-FLUOROTYROSINE	DB04436		
3-PHENYL PROPIONIC ACID	5Q445IN5CU	3-PHENYLPROPIONIC ACID	DB02024		
3-TYROSINE	D5YF57V4QW	3-HYDROXYPHENYLALANINE	DB02387		
4,4'-DIHYDOXY-BENZOPHENONE	HZR7D31SBY	BIS(4-HYDROXYPHENYL)METHANONE	DB07635		
4-ANDROSTENEDIOL	G10EHA9I0D	4-ANDROSTENEDIOL	DB01526		
4-BROMO-2,5-DIMETHOXYPHENETHYLAMINE	V77772N32H	4-BROMO-2,5-DIMETHOXYPHENETHYLAMINE	DB01537		
4-(DIMETHYLAMINO)BENZOIC ACID	D1MA908EV0	4-(DIMETHYLAMINO)BENZOIC ACID	DB08748		
4-HYDROXY-2-BUTANONE	TCM0BJ44MF	4-HYDROXY-2-BUTANONE	DB04094		
4-HYDROXYBENZOIC ACID	JG8Z55Y12H	P-HYDROXYBENZOIC ACID	DB04242		
4-METHYLCATECHOL	12GLI7JGB3	4-METHYL-1,2-BENZENEDIOL	DB04120		
4-NITROCATECHOL	SW60NG75EN	4-NITROCATECHOL	DB03407		
4'-PHOSPHOPANTETHEINE	NM39WU8OFM	4'-PHOSPHOPANTETHEINE	DB03912		
5-FLUOROURIDINE	4K0M952561	5-FLUOROURIDINE	DB01629		
5-METHOXY-N,N-DIISOPROPYLTRYPTAMINE	12D06G8W8E	5-METHOXY-N,N-DIISOPROPYLTRYPTAMINE	DB01441		
5-PHENYLVALERIC ACID	XYJ5U8LCQ8	5-PHENYLVALERIC ACID	DB04051		
8-AZAGUANINE	Q150359I72	8-AZAGUANINE	DB01667		
9-AMINOPHENANTHRENE	7M9M5KM2XY	9-AMINOPHENANTHRENE	DB03369		
9-METHYLGUANINE	397W61ZHWY	9-METHYLGUANINE	DB02489		
ABACAVIR	WR2TIP26VS	ABACAVIR	DB01048	190521	IN
ABIRATERONE	G819A456D0	ABIRATERONE	DB05812	1100072	IN
ABT-510	CRR8E37XOB	ABT-510	DB05434		
ACADESINE	53IEF47846	ACADESINE	DB04944		
ACAMPROSATE	N4K14YGM3J	ACAMPROSATE	DB00659	82819	IN
ACEDIASULFONE	30YP2YHH8W	ACEDIASULFONE	DB08926		
ACEDOBEN	04Z20NMK31	4-ACETAMIDOBENZOIC ACID	DB04500		
ACEGLUTAMIDE	01J18G9G97	N-ACETYL-L-GLUTAMINE	DB04167	1426379	IN
ACEPROMAZINE	54EJ303F0R	ACEPROMAZINE	DB01614	155	IN
ACETAMIDE	8XOE1JSO29	ACETAMIDE	DB02736		
ACETAZOLAMIDE	O3FX965V0I	ACETAZOLAMIDE	DB00819	167	IN
ACETOACETIC ACID	4ZI204Y1MC	ACETOACETIC ACID	DB01762		
ACETOHEXAMIDE	QGC8W08I6I	ACETOHEXAMIDE	DB00414	173	IN
ACETOHYDROXAMIC ACID	4RZ82L2GY5	ACETOHYDROXAMIC ACID	DB00551	16728	IN
ACETONE CYANOHYDRIN	CO1YOV1KFI	ACETONE CYANOHYDRIN	DB02203		
ACETOPHENAZINE	8620H6K4QH	ACETOPHENAZINE	DB01063	16735	IN
ACETOPHENONE	RK493WHV10	ACETOPHENONE	DB04619		
ACETYLCHOLINE	N9YNS0M02X	ACETYLCHOLINE	DB03128	194	IN
ACETYLCYSTEINE	WYQ7N0BPYC	ACETYLCYSTEINE	DB06151	197	IN
ACETYLDIGITOXIN	0ZV4Q4L2FU	ACETYLDIGITOXIN	DB00511	132871	IN
ACETYLDIHYDROCODEINE	SGY1T84P34	ACETYLDIHYDROCODEINE	DB01538		
ACETYLENEUREA	U9H2W4OS13	GLYCOLURIL	DB03533		
ACITRETIN	LCH760E9T7	ACITRETIN	DB00459	16818	IN
ACLIDINIUM	K17VY42F6C	ACLIDINIUM	DB08897	1303098	IN
ACRYLIC ACID	J94PBK7X8S	ACRYLIC ACID	DB02579	1368626	PIN
ACYCLOVIR	X4HES1O11F	ACICLOVIR	DB00787	281	IN
ADENINE	JAC85A2161	ADENINE	DB00173	290	IN
ADENOSINE PHOSPHATE	415SHH325A	ADENOSINE MONOPHOSPHATE	DB00131	309	PIN
ADINAZOLAM	KN08449444	ADINAZOLAM	DB00546		
AFATINIB	41UD74L59M	AFATINIB	DB08916	1430438	IN
AFEGOSTAT	G23AP190YS	(3R,4R,5R)-5-(HYDROXYMETHYL)PIPERIDINE-3,4-DIOL	DB04545		
AGMATINE	70J407ZL5Q	AGMATINE	DB08838		
AGOMELATINE	137R1N49AD	AGOMELATINE	DB06594		
ALBENDAZOLE	F4216019LN	ALBENDAZOLE	DB00518	430	IN
ALCAFTADINE	7Z8O94ECSX	ALCAFTADINE	DB06766	1000082	IN
ALCLOMETASONE	136H45TB7B	ALCLOMETASONE	DB00240	108088	IN
ALDOSTERONE	4964P6T9RB	ALDOSTERONE	DB04630	1312358	IN
ALENDRONIC ACID	X1J18R4W8P	ALENDRONATE	DB00630	236083	PIN
ALFACALCIDOL	URQ2517572	ALFACALCIDOL	DB01436	12062	IN
ALISKIREN	502FWN4Q32	ALISKIREN	DB01258	325646	IN
ALITRETINOIN	1UA8E65KDZ	ALITRETINOIN	DB00523	81864	IN
ALLOISOLEUCINE, L-	6RNR8XN7S2	ALLO-ISOLEUCINE	DB01739		
ALLOPURINOL	63CZ7GJN5I	ALLOPURINOL	DB00437	519	IN
ALLYLESTRENOL	I47VB5DZ8O	ALLYLESTRENOL	DB01431	525	IN
ALLYSINE	425I4Y24YZ	2-AMINO-6-OXO-HEXANOIC ACID	DB02571		
ALMITRINE	9A1222NBG4	ALMITRINE	DB01430	528	IN
ALMOTRIPTAN	1O4XL5SN61	ALMOTRIPTAN	DB00918	279645	IN
ALOGLIPTIN	JHC049LO86	ALOGLIPTIN	DB06203	1368001	IN
ALOSETRON	13Z9HTH115	ALOSETRON	DB00969	85248	IN
.ALPHA.-AMINOISOBUTYRIC ACID	1E7ZW41IQU	ALPHA-AMINOISOBUTYRIC ACID	DB02952		
ALPHACETYLMETHADOL	BXF83S0HEL	ALPHACETYLMETHADOL	DB01555		
ALPHAMETHADOL	XBD99QNI42	ALPHAMETHADOL	DB01498		
ALPRAZOLAM	YU55MQ3IZY	ALPRAZOLAM	DB00404		
ALPROSTADIL	F5TD010360	ALPROSTADIL	DB00770		
ALRESTATIN	515DHK15LG	ALRESTATIN	DB02020		
ALTRETAMINE	Q8BIH59O7H	ALTRETAMINE	DB00488		
ALTROPANE	1Q4092099O	ALTROPANE	DB04947		
ALUMINUM	CPD4NFA903	ALUMINIUM	DB01370		
ALUMINUM HYDROXIDE	5QB0T2IUN0	ALUMINUM HYDROXIDE	DB06723		
ALVERINE	46TIR1560O	ALVERINE	DB01616		
ALVOCIDIB	45AD6X575G	FLAVOPIRIDOL	DB03496		
AMBENONIUM	L16PUN799N	AMBENONIUM	DB01122		
AMCINONIDE	423W026MA9	AMCINONIDE	DB00288		
AMIFOSTINE ANHYDROUS	ILA426L95O	AMIFOSTINE	DB01143		
AMINOBENZOIC ACID	TL2TJE8QTX	4-AMINOBENZOIC ACID	DB02362		
AMINOCAPROIC ACID	U6F3787206	AMINOCAPROIC ACID	DB00513		
AMINOHIPPURIC ACID	Y79XT83BJ9	AMINOHIPPURATE	DB00345		
AMINOLEVULINIC ACID	88755TAZ87	AMINOLEVULINIC ACID	DB00855		
AMINOPHENAZONE	01704YP3MO	AMINOPHENAZONE	DB01424		
AMINOPHYLLINE	27Y3KJK423	AMINOPHYLLINE	DB01223		
AMINOPTERIN	JYB41CTM2Q	AMINOPTERIN	DB08878		
AMINOSALICYLIC ACID	5B2658E0N2	AMINOSALICYLIC ACID	DB00233		
AMIODARONE	N3RQ532IUT	AMIODARONE	DB01118		
AMITRIPTYLINE	1806D8D52K	AMITRIPTYLINE	DB00321		
AMLEXANOX	BRL1C2459K	AMLEXANOX	DB01025		
AMOBARBITAL	GWH6IJ239E	AMOBARBITAL	DB01351		
AMODIAQUINE	220236ED28	AMODIAQUINE	DB00613		
AMONAFIDE	1Q8D39N37L	AMONAFIDE	DB05022		
AMOXAPINE	R63VQ857OT	AMOXAPINE	DB00543		
AMOXICILLIN ANHYDROUS	9EM05410Q9	AMOXICILLIN	DB01060		
AMPEROZIDE	0M2W3TAG39	AMPEROZIDE	DB08927		
AMPHOTERICIN B	7XU7A7DROE	AMPHOTERICIN B	DB00681		
AMPICILLIN	7C782967RD	AMPICILLIN	DB00415		
AMPRENAVIR	5S0W860XNR	AMPRENAVIR	DB00701		
AMSACRINE	00DPD30SOY	AMSACRINE	DB00276		
ANAGRELIDE	K9X45X0051	ANAGRELIDE	DB00261		
ANASTROZOLE	2Z07MYW1AZ	ANASTROZOLE	DB01217		
ANDROSTENEDIONE	409J2J96VR	4-ANDROSTENEDIONE	DB01536		
ANECORTAVE ACETATE	Y0PC411K4T	ANECORTAVE ACETATE	DB05288		
ANIDULAFUNGIN	9HLM53094I	ANIDULAFUNGIN	DB00362		
ANILERIDINE	71Q1A3O279	ANILERIDINE	DB00913		
ANILINE	SIR7XX2F1K	ANILINE	DB06728		
ANIRACETAM	5L16LKN964	ANIRACETAM	DB04599		
ANISINDIONE	S747T1ERAJ	ANISINDIONE	DB01125		
ANISOMYCIN	6C74YM2NGI	ANISOMYCIN	DB07374		
ANTAZOLINE	DHA8014SS1	ANTAZOLINE	DB08799		
ANTHRACENE	EH46A1TLD7	ANTHRACENE	DB07372		
ANTHRANILIC ACID	0YS975XI6W	2-AMINOBENZOIC ACID	DB04166		
ANTIPYRINE	T3CHA1B51H	ANTIPYRINE	DB01435		
ANTRAFENINE	21FS93Y6OE	ANTRAFENINE	DB01419		
APIXABAN	3Z9Y7UWC1J	APIXABAN	DB06605		
APOMORPHINE	N21FAR7B4S	APOMORPHINE	DB00714		
APRACLONIDINE	843CEN85DI	APRACLONIDINE	DB00964		
APRAMYCIN	388K3TR36Z	APRAMYCIN	DB04626		
APREPITANT	1NF15YR6UY	APREPITANT	DB00673		
APRINDINE	5Y48085P9Q	APRINDINE	DB01429		
APROBARBITAL	Q0YKG9L6RF	APROBARBITAL	DB01352		
AR-AO-14418	87KSH90Q6D	N-(4-METHOXYBENZYL)-N'-(5-NITRO-1,3-THIAZOL-2-YL)UREA	DB01950		
ARBEKACIN	G7V6SLI20L	ARBEKACIN	DB06696		
ARBUTAMINE	B07L15YAEV	ARBUTAMINE	DB01102		
ARECOLINE	4ALN5933BH	ARECOLINE	DB04365		
ARFORMOTEROL	F91H02EBWT	ARFORMOTEROL	DB01274		
ARGININE	94ZLA3W45F	L-ARGININE	DB00125		
ARIPIPRAZOLE	82VFR53I78	ARIPIPRAZOLE	DB01238		
AROTINOID ACID	673M8C29UR	TTNPB	DB02877		
ARSENIC TRIOXIDE	S7V92P67HO	ARSENIC TRIOXIDE	DB01169		
ASIMADOLINE	D0VK52NV5M	ASIMADOLINE	DB05104		
ASPARAGINE, D-	T6QV1010K6	D-ASPARAGINE	DB03943		
ASPARTAME	Z0H242BBR1	ASPARTAME	DB00168		
ASPARTIC ACID, D-	4SR0Q8YD1X	D-ASPARTIC ACID	DB02655		
ASTEMIZOLE	7HU6337315	ASTEMIZOLE	DB00637		
ATALUREN	K16AME9I3V	PTC124	DB05016		
ATAZANAVIR	QZU4H47A3S	ATAZANAVIR	DB01072		
ATOMOXETINE	ASW034S0B8	ATOMOXETINE	DB00289		
ATOVAQUONE	Y883P1Z2LT	ATOVAQUONE	DB01117		
AURANOFIN	3H04W2810V	AURANOFIN	DB00995		
AVANAFIL	DR5S136IVO	AVANAFIL	DB06237		
AZACITIDINE	M801H13NRU	AZACITIDINE	DB00928		
AZATADINE	94Z39NID6C	AZATADINE	DB00719		
AZELAIC ACID	F2VW3D43YT	AZELAIC ACID	DB00548		
AZIDOCILLIN	R8XDP7L3SL	AZIDOCILLIN	DB08795		
AZILSARTAN MEDOXOMIL	LL0G25K7I2	AZILSARTAN MEDOXOMIL	DB08822		
AZLOCILLIN	HUM6H389W0	AZLOCILLIN	DB01061		
AZTREONAM	G2B4VE5GH8	AZTREONAM	DB00355		
BALSALAZIDE	P80AL8J7ZP	BALSALAZIDE	DB01014		
BARBITAL	5WZ53ENE2P	BARBITAL	DB01483		
BATIMASTAT	BK349F52C9	BATIMASTAT	DB03880		
BECOCALCIDIOL	N75R59YD0F	BECOCALCIDIOL	DB04891		
BEDAQUILINE	78846I289Y	BEDAQUILINE	DB08903		
BENTIROMIDE	239IF5W61J	BENTIROMIDE	DB00522		
BENZETHIDINE	X0I74BAR02	BENZETHIDINE	DB01518		
BENZOCAINE	U3RSY48JW5	BENZOCAINE	DB01086	1399	IN
BENZOFURAN	LK6946W774	BENZOFURAN	DB04179		
BENZOIC ACID	8SKN0B0MIM	BENZOIC ACID	DB03793	18989	PIN
BENZOPHENONE	701M4TTV9O	BENZOPHENONE	DB01878	18997	IN
BENZOYLECGONINE	5353I8I6YS	BENZOYLECGONINE	DB01515		
BENZPHETAMINE	0M3S43XK27	BENZPHETAMINE	DB00865	1422	IN
BENZTHIAZIDE	1TD8J48L61	BENZTHIAZIDE	DB00562	19008	IN
BENZTROPINE	1NHL2J4X8K	BENZATROPINE	DB00245	1424	IN
BENZYL ALCOHOL	LKG8494WBH	BENZYL ALCOHOL	DB06770	1426	IN
BENZYLAMINE	A1O31ROR09	BENZYLAMINE	DB02464		
BENZYL BENZOATE	N863NB338G	BENZYL BENZOATE	DB00676	19044	IN
BENZYLMORPHINE	83C78V3OL9	BENZYLMORPHINE	DB01573		
BERBERINE	0I8Y3P32UF	BERBERINE	DB04115	1437	IN
BESIFLOXACIN	BFE2NBZ7NX	BESIFLOXACIN	DB06771	819911	IN
BETACETYLMETHADOL	905GLN509G	BETACETYLMETHADOL	DB01522		
BETAHISTINE	X32KK4201D	BETAHISTINE	DB06698	1511	IN
BETAMETHASONE	9842X06Q6M	BETAMETHASONE	DB00443	1514	IN
.BETA.-PICOLINE	B083J4KF7F	3-METHYLPYRIDINE	DB01996		
BETAZOLE	1C065P542O	BETAZOLE	DB00272		
BETHANIDINE	W8S3YM7AUU	BETHANIDINE	DB00217	1523	IN
BEVIRIMAT	S125DW66N8	BEVIRIMAT	DB06581		
BEXAROTENE	A61RXM4375	BEXAROTENE	DB00307	233272	IN
BEZAFIBRATE	Y9449Q51XH	BEZAFIBRATE	DB01393	1525	IN
BEZITRAMIDE	3KXW0Y310I	BEZITRAMIDE	DB01459		
BICINE	1J484QFI1O	BICINE	DB03709		
BIFEPRUNOX	AP69E83Z79	BIFEPRUNOX	DB04888		
BIMATOPROST	QXS94885MZ	BIMATOPROST	DB00905	283810	IN
BINODENOSON	LJA4M1L5LG	BINODENOSON	DB04853		
BIRICODAR DICITRATE	9WQP0L619L	BIRICODAR DICITRATE	DB04851		
BIS(6-AMINOHEXYL)AMINE	BID902UF5V	BIS(HEXAMETHYLENE)TRIAMINE	DB04684		
BISMUTH SUBSALICYLATE	62TEY51RR1	BISMUTH SUBSALICYLATE	DB01294	19478	IN
BITHIONOL	AMT77LS62O	BITHIONOL	DB04813		
BOLASTERONE	T7ZM08F7FU	BOLASTERONE	DB01471		
BOLDENONE	5H7I2IP58X	BOLDENONE	DB01541		
BORTEZOMIB	69G8BD63PP	BORTEZOMIB	DB00188	358258	IN
BOSUTINIB	5018V4AEZ0	BOSUTINIB	DB06616	1307619	IN
BRECANAVIR	E367I8C7FI	BRECANAVIR	DB04887		
BRETYLIUM	RZR75EQ2KJ	BRETYLIUM	DB01158	19685	IN
BRIMONIDINE	E6GNX3HHTE	BRIMONIDINE	DB00484	134615	IN
BRINZOLAMIDE	9451Z89515	BRINZOLAMIDE	DB01194	194881	IN
BROMAZEPAM	X015L14V0O	BROMAZEPAM	DB01558	1749	IN
BROMOCRIPTINE	3A64E3G5ZO	BROMOCRIPTINE	DB01200	1760	IN
BUFORMIN	W2115E9C7B	BUFORMIN	DB04830		
BUFOTENINE	0A31347TZK	BUFOTENINE	DB01445		
BUPRENORPHINE	40D3SCR4GZ	BUPRENORPHINE	DB00921	1819	IN
BUSPIRONE	TK65WKS8HL	BUSPIRONE	DB00490	1827	IN
BUSULFAN	G1LN9045DK	BUSULFAN	DB01008	1828	IN
BUTALBITAL	KHS0AZ4JVK	BUTALBITAL	DB00241	19860	IN
BUTANAMIDE	9J6OR937VR	BUTYRAMIDE	DB02121		
BUTENAFINE	91Y494NL0X	BUTENAFINE	DB01091	47461	IN
BUTETHAL	OHZ8QAW6YC	BUTETHAL	DB01353	19874	IN
BUTORPHANOL	QV897JC36D	BUTORPHANOL	DB00611	1841	IN
BUTYLAMINE	N2QV60B4WR	BUTYLAMINE	DB03659		
BUTYLBENZENE	S8XZ2901RZ	N-BUTYLBENZENE	DB01845		
CABAZITAXEL	51F690397J	CABAZITAXEL	DB06772	996051	IN
CABERGOLINE	LL60K9J05T	CABERGOLINE	DB00248	47579	IN
CACODYLIC ACID	AJ2HL7EU8K	HYDROXYDIMETHYLARSINE OXIDE	DB02994		
CALANOLIDE A	S5A9TQN46W	CALANOLIDE A	DB04886		
CALCIFEDIOL ANHYDROUS	T0WXW8F54E	CALCIDIOL	DB00146		
CALCIPOTRIENE	143NQ3779B	CALCIPOTRIOL	DB02300	29365	IN
CALCITRIOL	FXC9231JVH	CALCITRIOL	DB00136	1894	IN
CALCIUM ACETATE	Y882YXF34X	CALCIUM ACETATE	DB00258	214342	IN
CALUSTERONE	0678G6Q58A	CALUSTERONE	DB01564		
CAMPTOTHECIN	XT3Z54Z28A	CAMPTOTHECIN	DB04690		
CANDOXATRIL	ACP75508EE	CANDOXATRIL	DB00616		
CARBACHOL	8Y164V895Y	CARBACHOL	DB00411	1999	IN
CARBAMIC ACID	O0UC6XOS4H	CARBAMIC ACID	DB04261		
CARBAZOLE	0P2197HHHN	9H-CARBAZOLE	DB07301		
CARBETOCIN	88TWF8015Y	CARBETOCIN	DB01282		
CARBIDOPA	MNX7R8C5VO	CARBIDOPA	DB00190	2019	IN
CARBIMAZOLE	8KQ660G60G	CARBIMAZOLE	DB00389	2020	IN
CARBOPLATIN	BG3F62OND5	CARBOPLATIN	DB00958	40048	IN
CARBOXIN	5A8K850HDE	CARBOXIN	DB04657		
CARFENTANIL	LA9DTA2L8F	CARFENTANIL	DB01535		
CARFILZOMIB	72X6E3J5AR	CARFILZOMIB	DB08889	1302966	IN
CARGLUMIC ACID	5L0HB4V1EW	CARGLUMIC ACID	DB06775	401713	IN
CARMUSTINE	U68WG3173Y	CARMUSTINE	DB00262	2105	IN
CATHINE	E1L4ZW2F8O	CATHINE	DB01486	32022	IN
CATHINONE	540EI4406J	CATHINONE	DB01560		
CEFAMANDOLE	5CKP8C2LLI	CEFAMANDOLE	DB01326	2178	IN
CEFAZOLIN	IHS69L0Y4T	CEFAZOLIN	DB01327	2180	IN
CEFDINIR	CI0FAO63WC	CEFDINIR	DB00535	25037	IN
CEFDITOREN	81QS09V3YW	CEFDITOREN	DB01066	83682	IN
CEFEPIME	807PW4VQE3	CEFEPIME	DB01413	20481	IN
CEFMENOXIME	KBZ4844CXN	CEFMENOXIME	DB00267		
CEFMETAZOLE	3J962UJT8H	CEFMETAZOLE	DB00274	2182	IN
CEFONICID	6532B86WFG	CEFONICID	DB01328	2183	IN
CEFORANIDE	8M1YF8951V	CEFORANIDE	DB00923	20486	IN
CEFOTAXIME	N2GI8B1GK7	CEFOTAXIME	DB00493	2186	IN
CEFOTIAM	91W6Z2N718	CEFOTIAM	DB00229	2188	IN
CEFOXITIN	6OEV9DX57Y	CEFOXITIN	DB01331	2189	IN
CEFPIRAMIDE	P936YA152N	CEFPIRAMIDE	DB00430		
CEFPODOXIME	7R4F94TVGY	CEFPODOXIME	DB01416	20489	IN
CEFTIZOXIME	C43C467DPE	CEFTIZOXIME	DB01332	2192	IN
CEFTRIAXONE	75J73V1629	CEFTRIAXONE	DB01212	2193	IN
CEFUROXIME	O1R9FJ93ED	CEFUROXIME	DB01112	2194	IN
CELECOXIB	JCX84Q7J1L	CELECOXIB	DB00482	140587	IN
CEPHACETRILE	FDM21QQ344	CEFACETRILE	DB01414		
CEPHALEXIN ANHYDROUS	5SFF1W6677	CEPHALEXIN	DB00567	1299782	PIN
CEPHALOTHIN	R72LW146E6	CEFALOTIN	DB00456	2236	IN
CEPHAPIRIN	89B59H32VN	CEFAPIRIN	DB01139	2238	IN
CEPHRADINE ANHYDROUS	9YA6SX5S4D	CEFRADINE	DB01333		
CERIVASTATIN	AM91H2KS67	CERIVASTATIN	DB00439		
CERULENIN	MF286Y830Q	CERULENIN	DB01034		
CERULETIDE	888Y08971B	CERULETIDE	DB00403		
CETRORELIX	OON1HFZ4BA	CETRORELIX	DB00050	68147	IN
CF-101	30679UMI0N	CF-101	DB05511		
CHENODIOL	0GEI24LG0J	CHENODEOXYCHOLIC ACID	DB06777	2323	PIN
CHLORAL BETAINE	8680278NRH	CHLORAL BETAINE	DB01494	89808	IN
CHLORAL HYDRATE	418M5916WG	CHLORAL HYDRATE	DB01563	2344	PIN
CHLORAMBUCIL	18D0SL7309	CHLORAMBUCIL	DB00291	2346	IN
CHLORAMPHENICOL	66974FR9Q1	CHLORAMPHENICOL	DB00446	2348	IN
CHLORAMPHENICOL SUCCINATE	ZCX619U9A1	CHLORAMPHENICOL SUCCINATE	DB07565	20769	PIN
CHLORDIAZEPOXIDE	6RZ6XEZ3CR	CHLORDIAZEPOXIDE	DB00475	2356	IN
CHLORHEXIDINE	R4KO0DY52L	CHLORHEXIDINE	DB00878	2358	IN
CHLOROPYRAMINE	2K3L8O9SOV	CHLOROPYRAMINE	DB08800	20861	IN
CHLOROTRIANISENE	6V5034L121	CHLOROTRIANISENE	DB00269	2397	IN
CHLOROXINE	2I8BD50I8B	CHLOROXINE	DB01243	20875	IN
CHLORPHENTERMINE	NHW07912O7	CHLORPHENTERMINE	DB01556		
CHLORPROMAZINE	U42B7VYA4P	CHLORPROMAZINE	DB00477	2403	IN
CHLORPROPAMIDE	WTM2C3IL2X	CHLORPROPAMIDE	DB00672	2404	IN
CHLORZOXAZONE	H0DE420U8G	CHLORZOXAZONE	DB00356	2410	IN
CHOLINE	N91BDP6H0X	CHOLINE	DB00122	2449	IN
CICLOPIROX	19W019ZDRJ	CICLOPIROX	DB01188	21090	IN
CILANSETRON	2J6DQ1U5B5	CILANSETRON	DB04885		
CILASTATIN	141A6AMN38	CILASTATIN	DB01597	2540	IN
CIMICOXIB	W7FHJ107MC	CIMICOXIB	DB05095		
CINACALCET	UAZ6V7728S	CINACALCET	DB01012	407990	IN
CINALUKAST	5E1O433QAI	CINALUKAST	DB00587		
CINNARIZINE	3DI2E1X18L	CINNARIZINE	DB00568	2549	IN
CINOXACIN	LMK22VUH23	CINOXACIN	DB00827	2550	IN
CIPROFLOXACIN	5E8K9I0O4U	CIPROFLOXACIN	DB00537	2551	IN
CISATRACURIUM BESYLATE	80YS8O1MBS	CISATRACURIUM BESYLATE	DB00565	136561	PIN
CITRACONIC ACID	0RQ6CXO9KD	CITRACONIC ACID	DB04734	1435287	PIN
CLADRIBINE	47M74X9YT5	CLADRIBINE	DB00242	44157	IN
CLAVULANIC ACID	23521W1S24	CLAVULANATE	DB00766	21216	IN
CLEMASTINE	95QN29S1ID	CLEMASTINE	DB00283	2578	IN
CLIOQUINOL	7BHQ856EJ5	CLIOQUINOL	DB04815	5942	IN
CLOBAZAM	2MRO291B4U	CLOBAZAM	DB00349	21241	IN
CLOCORTOLONE	N8ZUB7XE0H	CLOCORTOLONE	DB00838	21249	IN
CLODRONIC ACID	0813BZ6866	CLODRONATE	DB00720	3350	IN
CLOFARABINE	762RDY0Y2H	CLOFARABINE	DB00631	44151	IN
CLOFAZIMINE	D959AE5USF	CLOFAZIMINE	DB00845	2592	IN
CLOFIBRATE	HPN91K7FU3	CLOFIBRATE	DB00636	2594	IN
CLONAZEPAM	5PE9FDE8GB	CLONAZEPAM	DB01068	2598	IN
CLONIDINE	MN3L5RMN02	CLONIDINE	DB00575	2599	IN
CLONITAZENE	S90R21A2V2	CLONITAZENE	DB01523		
CLOPIDOGREL	A74586SNO7	CLOPIDOGREL	DB00758	32968	IN
CLORTERMINE	4FA88HM3IX	CLORTERMINE	DB01527		
CLOSTEBOL	Z7D4G976SH	CLOSTEBOL	DB01521	61686	IN
CLOTIAZEPAM	ZCN055599V	CLOTIAZEPAM	DB01559	2622	IN
CLOTRIMAZOLE	G07GZ97H65	CLOTRIMAZOLE	DB00257	2623	IN
CLOXACILLIN	O6X5QGC2VB	CLOXACILLIN	DB01147	2625	IN
CLOZAPINE	J60AR2IKIC	CLOZAPINE	DB00363	2626	IN
COLFORSIN	1F7A44V6OU	FORSKOLIN	DB02587		
CONIVAPTAN	0NJ98Y462X	CONIVAPTAN	DB00872	302285	IN
CORTISONE ACETATE	883WKN7W8X	CORTISONE ACETATE	DB01380	21655	PIN
COUMARIN	A4VZ22K1WT	2H-1-BENZOPYRAN-2-ONE	DB04665	2898	IN
CROMOLYN	Y0TK0FS77W	CROMOGLICIC ACID	DB01003	42612	IN
CYANAMIDE	21CP7826LC	CYANAMIDE	DB02679		
CYCLACILLIN	72ZJ154X86	CYCLACILLIN	DB01000	2968	IN
CYCLIZINE	QRW9FCR9P2	CYCLIZINE	DB01176	2977	IN
CYCLOBENZAPRINE	69O5WQQ5TI	CYCLOBENZAPRINE	DB00924	21949	IN
CYCLOHEXANE	48K5MKG32S	CYCLOHEXANE	DB03561	1367180	IN
CYCLOHEXANOL	8E7S519M3P	CYCLOHEXANOL	DB03703		
CYCLOHEXANONE	5QOR3YM052	CYCLOHEXANONE	DB02060		
CYCLOLEUCINE	0TQU7668EI	CYCLOLEUCINE	DB04620		
CYCLOSERINE	95IK5KI84Z	CYCLOSERINE	DB00260	3007	IN
CYPROHEPTADINE	2YHB6175DO	CYPROHEPTADINE	DB00434	3013	IN
CYSTEAMINE	5UX2SD1KE2	CYSTEAMINE	DB00847	3022	IN
CYSTEIC ACID, L-	M6W2DJ6N5K	CYSTEINESULFONIC ACID	DB03661		
CYTARABINE	04079A1RDZ	CYTARABINE	DB00987	3041	IN
DABIGATRAN ETEXILATE	2E18WX195X	DABIGATRAN ETEXILATE	DB06695	1037042	IN
DABRAFENIB	QGP4HA4G1B	DABRAFENIB	DB08912	1424911	IN
DACTINOMYCIN	1CC1JFE158	DACTINOMYCIN	DB00970	3100	IN
DAIDZIN	4R2X91A5M5	DAIDZIN	DB02115		
DALFAMPRIDINE	BH3B64OKL9	DALFAMPRIDINE	DB06637	897018	IN
DANAZOL	N29QWW3BUO	DANAZOL	DB01406	3102	IN
DANTHRON	Z4XE6IBF3V	DANTRON	DB04816	22293	IN
DANTROLENE	F64QU97QCR	DANTROLENE	DB01219	3105	IN
DAPIPRAZOLE	5RNZ8GJO7K	DAPIPRAZOLE	DB00298	22298	IN
DAPOXETINE	GB2433A4M3	DAPOXETINE	DB04884		
DAPSONE	8W5C518302	DAPSONE	DB00250	3108	IN
DARIFENACIN	APG9819VLM	DARIFENACIN	DB00496	136198	IN
DARUNAVIR	YO603Y8113	DARUNAVIR	DB01264	460132	IN
DARUSENTAN	33JD57L6RW	DARUSENTAN	DB04883		
DAUNORUBICIN	ZS7284E0ZP	DAUNORUBICIN	DB00694	3109	IN
DAZOXIBEN	09ZFC7974Q	DAZOXIBEN	DB03052		
DEBRISOQUIN	X31CDK040E	DEBRISOQUIN	DB04840	3118	IN
DECAMETHONIUM	C1CG1S3T2W	DECAMETHONIUM	DB01245		
DECANE	NK85062OIY	DECANE	DB02826		
DECITABINE	776B62CQ27	DECITABINE	DB01262	15657	IN
DEFERASIROX	V8G4MOF2V9	DEFERASIROX	DB01609	614373	IN
DEFERIPRONE	2BTY8KH53L	DEFERIPRONE	DB08826	11645	IN
DEFEROXAMINE	J06Y7MXW4D	DEFEROXAMINE	DB00746	3131	IN
DELAVIRDINE	DOL5F9JD3E	DELAVIRDINE	DB00705	83816	IN
DELORAZEPAM	O91W32476G	DELORAZEPAM	DB01511		
DEMECARIUM	ILP8XJ8R5K	DEMECARIUM	DB00944	107771	IN
DESERPIDINE	9016E3VB47	DESERPIDINE	DB01089	62174	IN
DESLANOSIDE	YGY317RK75	DESLANOSIDE	DB01078	3248	IN
DESLORATADINE	FVF865388R	DESLORATADINE	DB00967	275635	IN
DESMETHYLPRODINE	07SGC963IR	DESMETHYLPRODINE	DB01478		
DESOGESTREL	81K9V7M3A3	DESOGESTREL	DB00304	22656	IN
DESONIDE	J280872D1O	DESONIDE	DB01260	3254	IN
DESOXIMETASONE	4E07GXB7AU	DESOXIMETASONE	DB00547	3255	IN
DESTHIOBIOTIN	71U5JB52KS	D-DETHIOBIOTIN	DB03775		
DEXAMETHASONE	7S5I7G3JQL	DEXAMETHASONE	DB01234	3264	IN
DEXBROMPHENIRAMINE	75T64B71RP	DEXBROMPHENIRAMINE	DB00405	22696	IN
DEXFENFLURAMINE	E35R3G56OV	DEXFENFLURAMINE	DB01191	3268	IN
DEXLOXIGLUMIDE	69DY40RH9B	DEXLOXIGLUMIDE	DB04856		
DEXMEDETOMIDINE	67VB76HONO	DEXMEDETOMIDINE	DB00633	48937	IN
DEXMETHYLPHENIDATE	M32RH9MFGP	DEXMETHYLPHENIDATE	DB06701	352372	IN
DEXRAZOXANE	048L81261F	DEXRAZOXANE	DB00380	42736	IN
DEXTROAMPHETAMINE	TZ47U051FI	DEXTROAMPHETAMINE	DB01576	3288	IN
DEXTROTHYROXINE	4W9K63FION	DEXTROTHYROXINE	DB00509	3292	IN
DEZOCINE	VHX8K5SV4X	DEZOCINE	DB01209	22713	IN
DIATRIZOIC ACID	5UVC90J1LK	DIATRIZOATE	DB00271	1546223	IN
DIAZEPAM	Q3JTX2Q7TU	DIAZEPAM	DB00829	3322	IN
DIAZOXIDE	O5CB12L4FN	DIAZOXIDE	DB01119	3327	IN
DICHLORALPHENAZONE	YYX637R279	DICHLORALPHENAZONE	DB01495	22892	IN
DICHLOROACETIC ACID	9LSH52S3LQ	DICHLOROACETIC ACID	DB08809	155021	PIN
DICHLORPHENAMIDE	VVJ6673MHY	DICLOFENAMIDE	DB01144	3353	IN
DICLOXACILLIN	COF19H7WBK	DICLOXACILLIN	DB00485	3356	IN
DICYCLOMINE	4KV4X8IF6V	DICYCLOMINE	DB00804	3361	IN
DIDANOSINE	K3GDH6OH08	DIDANOSINE	DB00900	3364	IN
DIENESTROL	RRW32X4U1F	DIENESTROL	DB00890	3368	IN
DIETHYLCARBAMAZINE	V867Q8X3ZD	DIETHYLCARBAMAZINE	DB00711	3384	IN
DIETHYLENE GLYCOL DIETHYL ETHER	ZH086O935Z	1-ETHOXY-2-(2-ETHOXYETHOXY)ETHANE	DB08357	1435108	IN
DIETHYLENE GLYCOL ETHYL METHYL ETHER	LF64ICW5Y3	1-ETHOXY-2-(2-METHOXYETHOXY)ETHANE	DB03508		
DIETHYLSTILBESTROL	731DCA35BT	DIETHYLSTILBESTROL	DB00255	3390	IN
DIFENOXIN	3ZZ5BJ9F2Q	DIFENOXIN	DB01501	23024	IN
DIFLORASONE	T2DHJ9645W	DIFLORASONE	DB00223	91311	IN
DIFLUPREDNATE	S8A06QG2QE	DIFLUPREDNATE	DB06781	23043	IN
DIGITOXIN	E90NZP2L9U	DIGITOXIN	DB01396	3403	IN
DIGOXIN	73K4184T59	DIGOXIN	DB00390	3407	IN
DIHOMO-.GAMMA.-LINOLENIC ACID	FC398RK06S	DIHOMO-Î“-LINOLENIC ACID	DB00154		
DIHYDROCODEINE	N9I9HDB855	DIHYDROCODEINE	DB01551	23088	IN
DIHYDROERGOTAMINE	436O5HM03C	DIHYDROERGOTAMINE	DB00320	3418	IN
DIHYDROETORPHINE	QQX8S479YV	DIHYDROETORPHINE	DB01450		
DIHYDROMORPHINE	C3S5FRP6JW	DIHYDROMORPHINE	DB01565		
DIHYDROTACHYSTEROL	R5LM3H112R	DIHYDROTACHYSTEROL	DB01070	3429	IN
DIHYDROXYACETONE	O10DDW6JOO	DIHYDROXYACETONE	DB01775	3430	IN
DILOXANIDE FUROATE	YP4N72IW34	DILOXANIDE	DB08792	23203	PIN
DIMENOXADOL	4D65PBX0VK	DIMENOXADOL	DB01461		
DIMETHYL SULFOXIDE	YOW8V9698H	DIMETHYL SULFOXIDE	DB01093	3455	IN
DIMETHYLTRYPTAMINE	WUB601BHAA	DIMETHYLTRYPTAMINE	DB01488		
DIMINAZENE	Y5G36EEA5Z	DIMINAZENE	DB03608		
DINOPROSTONE	K7Q1JQR04M	DINOPROSTONE	DB00917	3478	IN
DINOPROST TROMETHAMINE	CT6BBQ5A68	DINOPROST TROMETHAMINE	DB01160	23321	PIN
DIOXAPHETYL BUTYRATE	G751H98FY4	DIOXAPHETYL BUTYRATE	DB01475		
DIPHEMANIL METHYLSULFATE	W2ZG23MGYI	DIPHEMANIL METHYLSULFATE	DB00729	23364	PIN
DIPHENHYDRAMINE	8GTS82S83M	DIPHENHYDRAMINE	DB01075	3498	IN
DIPHENIDOL	NQO8R319LY	DIPHENIDOL	DB01231	23370	IN
DIPHENOXYLATE	73312P173G	DIPHENOXYLATE	DB01081	3500	IN
DIPHENYLACETIC ACID	658NCZ0NKO	DIPHENYLACETIC ACID	DB03588		
DIPHENYLPYRALINE	33361OE3AV	DIPHENYLPYRALINE	DB01146	23386	IN
DOCOSANOL	9G1OE216XY	DOCOSANOL	DB00632	594680	IN
DODECANE	11A386X1QH	DODECANE	DB02771	1314271	IN
DOFETILIDE	R4Z9X1N2ND	DOFETILIDE	DB00204	49247	IN
DOMPERIDONE	5587267Z69	DOMPERIDONE	DB01184	3626	IN
DORZOLAMIDE	9JDX055TW1	DORZOLAMIDE	DB00869	60207	IN
DROMOSTANOLONE	7DR7H00HDT	DROSTANOLONE	DB00858	23678	IN
DRONABINOL	7J8897W37S	DRONABINOL	DB00470	10402	IN
DRONEDARONE	JQZ1L091Y2	DRONEDARONE	DB04855	233698	IN
DROPERIDOL	O9U0F09D5X	DROPERIDOL	DB00450	3648	IN
DROSPIRENONE	N295J34A25	DROSPIRENONE	DB01395	11636	IN
DROTAVERINE	98QS4N58TW	DROTAVERINE	DB06751	23684	IN
DROTEBANOL	7RS2Q8MCK8	DROTEBANOL	DB01547		
DULOXETINE	O5TNM5N07U	DULOXETINE	DB00476	72625	IN
DUROQUINONE	X0Q8791R69	DUROQUINONE	DB01927		
DUTASTERIDE	O0J6XJN02I	DUTASTERIDE	DB01126	228790	IN
DYCLONINE	078A24Q30O	DYCLONINE	DB00645	23744	IN
DYDROGESTERONE	90I02KLE8K	DYDROGESTERONE	DB00378	3706	IN
ECABET	2K02669KWP	ECABET	DB05265		
ECGONINE	DX2E9E17AV	ECGONINE	DB01525		
ECGONINE METHYL ESTER	Y35FJB3QBJ	ECGONINE METHYL ESTER	DB04688		
ECHOTHIOPHATE	0F350BVT6S	ECHOTHIOPHATE	DB01057	89778	IN
EDETIC ACID	9G34HU7RV0	EDETIC ACID	DB00974	3755	IN
EDROPHONIUM	70FP3JLY7N	EDROPHONIUM	DB01010	3752	IN
EFAVIRENZ	JE6H2O27P8	EFAVIRENZ	DB00625	195085	IN
ELACRIDAR	N488540F94	ELACRIDAR	DB04881		
ELAIDAMIDE	GOU8K597IT	ELAIDOYLAMIDE	DB03784		
ELESCLOMOL	6UK191M53P	ELESCLOMOL	DB05719		
ELETRIPTAN	22QOO9B8KI	ELETRIPTAN	DB00216	231049	IN
ELLAGIC ACID	19YRN3ZS9P	ELLAGIC ACID	DB08846	1043181	IN
ELSAMITRUCIN	ZTV0FOB6NU	ELSAMITRUCIN	DB05129		
ELTROMBOPAG	S56D65XJ9G	ELTROMBOPAG	DB06210	711942	IN
EMBUTRAMIDE	3P4TQG94T1	EMBUTRAMIDE	DB01487		
EMEDASTINE	9J1H7Y9OJV	EMEDASTINE	DB01084	28144	IN
EMTRICITABINE	G70B4ETF4S	EMTRICITABINE	DB00879	276237	IN
ENILURACIL	2E2W0W5XIU	ENILURACIL	DB03516		
ENOXACIN	325OGW249P	ENOXACIN	DB00467	3925	IN
ENOXIMONE	C7Z4ITI7L7	ENOXIMONE	DB04880	49626	IN
ENPROFYLLINE	DT7DT5E518	ENPROFYLLINE	DB00824		
ENTACAPONE	4975G9NM6T	ENTACAPONE	DB00494	60307	IN
ENZALUTAMIDE	93T0T9GKNU	ENZALUTAMIDE	DB08899	1307298	IN
EPHEDRINE	GN83C131XS	EPHEDRINE	DB01364	3966	IN
EPINEPHRINE	YKH834O4BH	EPINEPHRINE	DB00668	3992	IN
EPIRUBICIN	3Z8479ZZ5X	EPIRUBICIN	DB00445	3995	IN
EPOPROSTENOL	DCR9Z582X0	EPOPROSTENOL	DB01240	8814	IN
EQUILENIN	W8FTJ17C4J	EQUILENIN	DB03515		
EQUILIN	08O86EX0J4	EQUILIN	DB02187		
ERGOCALCIFEROL	VS041H42XC	ERGOCALCIFEROL	DB00153	4018	IN
ERGONOVINE	WH41D8433D	ERGONOVINE	DB01253	4021	IN
ERGOTAMINE	PR834Q503T	ERGOTAMINE	DB00696	4025	IN
ERTAPENEM	G32F6EID2H	ERTAPENEM	DB00303	325642	IN
ERYTHRITOL	RA96B954X6	MESO-ERYTHRITOL	DB04481	1369563	IN
ERYTHRITYL TETRANITRATE	35X333P19D	ERYTHRITYL TETRANITRATE	DB01613	4040	IN
ESCITALOPRAM	4O4S742ANY	ESCITALOPRAM	DB01175	321988	IN
ESTAZOLAM	36S3EQV54C	ESTAZOLAM	DB01215	4077	IN
ESTRAMUSTINE	35LT29625A	ESTRAMUSTINE	DB01196	4089	IN
ESTRIOL	FB33469R8E	ESTRIOL	DB04573	4094	IN
ESTRONE	2DI9HA706A	ESTRONE	DB00655	4103	IN
ESZOPICLONE	UZX80K71OE	ESZOPICLONE	DB00402	461016	IN
ETHAMBUTOL	8G167061QZ	ETHAMBUTOL	DB00330	4110	IN
ETHANESULFONIC ACID	599310E3U2	ETHANESULFONIC ACID	DB03635		
ETHANOLAMINE OLEATE	U4RY8MRX7C	ETHANOLAMINE OLEATE	DB06689	24460	IN
ETHINAMATE	IAN371PP48	ETHINAMATE	DB01031	24474	IN
ETHIONAMIDE	OAY8ORS3CQ	ETHIONAMIDE	DB00609	4127	IN
ETHOXZOLAMIDE	Z52H4811WX	ETHOXZOLAMIDE	DB00311		
ETHYLBENZENE	L5I45M5G0O	ETHYLBENZENE	DB01722	1540523	IN
ETHYLENE DICHLORIDE	55163IJI47	ETHYLENE DICHLORIDE	DB03733		
ETHYLENE GLYCOL MONOETHYL ETHER	IDK7C2HS09	2-ETHOXYETHANOL	DB02249	1314365	IN
ETHYLENE GLYCOL MONOMETHYL ETHER	EK1L6XWI56	2-METHOXYETHANOL	DB02806		
ETHYLESTRENOL	ADC79EK5Q8	ETHYLESTRENOL	DB01493	4162	IN
ETHYLMERCURITHIOSALICYLIC ACID	4071N4J64W	THIMEROSAL	DB02731	1546427	IN
ETHYLMORPHINE	RWO67D87EU	ETHYLMORPHINE	DB01466	4166	IN
ETIDRONIC ACID	M2F465ROXU	ETIDRONIC ACID	DB01077	1356715	PIN
ETIOCHOLANOLONE	97CGB1M48I	AETIOCHOLANOLONE	DB02854		
ETOMIDATE	Z22628B598	ETOMIDATE	DB00292	4177	IN
ETONITAZENE	9U3GT3353T	ETONITAZENE	DB01462		
ETONOGESTREL	304GTH6RNH	ETONOGESTREL	DB00294	14584	IN
ETORICOXIB	WRX4NFY03R	ETORICOXIB	DB01628	307296	IN
ETOXERIDINE	RHW35E1G7E	ETOXERIDINE	DB01505		
ETRAVIRINE	0C50HW4FO1	ETRAVIRINE	DB06414	475969	IN
ETRETINATE	65M2UDR9AG	ETRETINATE	DB00926	4182	IN
EXEMESTANE	NY22HMQ4BX	EXEMESTANE	DB00990	258494	IN
EZETIMIBE	EOR26LQQ24	EZETIMIBE	DB00973	341248	IN
EZOGABINE	12G01I6BBU	EZOGABINE	DB04953	1112990	IN
FAMCICLOVIR	QIC03ANI02	FAMCICLOVIR	DB00426	68099	IN
FAMOTIDINE	5QZO15J2Z8	FAMOTIDINE	DB00927	4278	IN
FARNESYL PYROPHOSPHATE	79W6B01D07	FARNESYL DIPHOSPHATE	DB07780		
FAROPENEM MEDOXOMIL	5OK523O4FU	FAROPENEM MEDOXOMIL	DB05659		
FENOFIBRATE	U202363UOS	FENOFIBRATE	DB01039	8703	IN
FENRETINIDE	187EJ7QEXL	FENRETINIDE	DB05076		
FESOTERODINE	621G617227	FESOTERODINE	DB06702	797195	IN
FILAMINAST	CDD69JC61J	FILAMINAST	DB02660		
FINASTERIDE	57GNO57U7G	FINASTERIDE	DB01216	25025	IN
FINGOLIMOD	3QN8BYN5QF	FINGOLIMOD	DB08868	1012892	IN
FLAVIN ADENINE DINUCLEOTIDE	ZC44YTI8KK	FLAVIN ADENINE DINUCLEOTIDE	DB03147	1314412	IN
FLAVONE	S2V45N7G3B	2-PHENYL-4H-CHROMEN-4-ONE	DB07776	1536070	IN
FLAVOXATE	3E74Y80MEY	FLAVOXATE	DB01148	4440	IN
FLIBANSERIN	37JK4STR6Z	FLIBANSERIN	DB04908		
FLOXURIDINE	039LU44I5M	FLOXURIDINE	DB00322	4488	IN
FLUCLOXACILLIN	43B2M34G2V	FLUCLOXACILLIN	DB00301	4448	IN
FLUCONAZOLE	8VZV102JFY	FLUCONAZOLE	DB00196	4450	IN
FLUCYTOSINE	D83282DT06	FLUCYTOSINE	DB01099	4451	IN
FLUDARABINE PHOSPHATE	1X9VK9O1SC	FLUDARABINE	DB01073	25102	PIN
FLUDIAZEPAM	7F64A2K16Z	FLUDIAZEPAM	DB01567		
FLUDROCORTISONE	U0476M545B	FLUDROCORTISONE	DB00687	4452	IN
FLUFENAMIC ACID	60GCX7Y6BH	FLUFENAMIC ACID	DB02266	4453	IN
FLUMAZENIL	40P7XK9392	FLUMAZENIL	DB01205	4457	IN
FLUMETHASONE PIVALATE	0DV09X6F21	FLUMETHASONE PIVALATE	DB00663	25113	PIN
FLUNARIZINE	R7PLA2DM0J	FLUNARIZINE	DB04841	4459	IN
FLUNITRAZEPAM	620X0222FQ	FLUNITRAZEPAM	DB01544	4460	IN
FLUOCINOLONE ACETONIDE	0CD5FD6S2M	FLUOCINOLONE ACETONIDE	DB00591	4461	PIN
FLUOCINONIDE	2W4A77YPAN	FLUOCINONIDE	DB01047	4462	IN
FLUORESCEIN	TPY09G7XIR	FLUORESCEIN	DB00693	25138	IN
FLUOROMETHOLONE	SV0CSG527L	FLUOROMETHOLONE	DB00324	4491	IN
FLUOXYMESTERONE	9JU12S4YFY	FLUOXYMESTERONE	DB01185	4494	IN
FLUPHENAZINE	S79426A41Z	FLUPHENAZINE	DB00623	4496	IN
FLUPIRTINE	MOH3ET196H	FLUPIRTINE	DB06623	25193	IN
FLURANDRENOLIDE	8EUL29XUQT	FLURANDRENOLIDE	DB00846	4500	IN
FLURAZEPAM	IHP475989U	FLURAZEPAM	DB00690	4501	IN
FLUSPIRILENE	C5QA4GLR9M	FLUSPIRILENE	DB04842	4507	IN
FLUTAMIDE	76W6J0943E	FLUTAMIDE	DB00499	4508	IN
FLUTICASONE FUROATE	JS86977WNV	FLUTICASONE FUROATE	DB08906	705022	PIN
FLUTICASONE PROPIONATE	O2GMZ0LF5W	FLUTICASONE PROPIONATE	DB00588	50121	PIN
FLUVOXAMINE	O4L1XPO44W	FLUVOXAMINE	DB00176	42355	IN
FOMEPIZOLE	83LCM6L2BY	FOMEPIZOLE	DB01213	15226	IN
FORMALDEHYDE	1HG84L3525	FORMALDEHYDE	DB03843	4530	IN
FORMEBOLONE	Z2MMV08KUQ	FORMEBOLONE	DB01569		
FORMESTANE	PUB9T8T355	FORMESTANE	DB08905	15070	IN
FORMIC ACID	0YIW783RG1	FORMIC ACID	DB01942	4537	IN
FORMYLMETHIONINE	PS9357B4XH	N-FORMYLMETHIONINE	DB04464		
FOSAMPRENAVIR	WOU1621EEG	FOSAMPRENAVIR	DB01319	358262	IN
FOSAPREPITANT	6L8OF9XRDC	FOSAPREPITANT	DB06717		
FOSCARNET	364P9RVW4X	FOSCARNET	DB00529	33562	IN
FOSFOMYCIN	2N81MY12TE	FOSFOMYCIN	DB00828	4550	IN
FOSMIDOMYCIN	5829E3D9I9	FOSMIDOMYCIN	DB02948		
FOSPROPOFOL	LZ257RZP7K	FOSPROPOFOL	DB06716	828682	IN
FRAMYCETIN	4BOC774388	FRAMYCETIN	DB00452	4556	IN
FROVATRIPTAN	H82Q2D5WA7	FROVATRIPTAN	DB00998	228783	IN
FURAZABOL	2W07HSP5PX	FURAZABOL	DB01514		
FUSIDIC ACID	59XE10C19C	FUSIDIC ACID	DB02703	4608	PIN
GABAPENTIN	6CW7F3G59X	GABAPENTIN	DB00996	25480	IN
GABOXADOL	K1M5RVL18S	GABOXADOL	DB06554		
GADOPENTETATE DIMEGLUMINE	RH248G8V27	GADOPENTETATE DIMEGLUMINE	DB00789	25486	IN
GADOVERSETAMIDE	RLM74T3Z9D	GADOVERSETAMIDE	DB00538	228833	IN
GALANTAMINE	0D3Q044KCA	GALANTAMINE	DB00674	4637	IN
GALLAMINE TRIETHIODIDE	Q3254X40X2	GALLAMINE TRIETHIODIDE	DB00483	4639	PIN
GANCICLOVIR	P9G3CKZ4P5	GANCICLOVIR	DB01004	4678	IN
GEMCABENE	B96UX1DDKS	GEMCABENE	DB05123		
GEMFIBROZIL	Q8X02027X3	GEMFIBROZIL	DB01241	4719	IN
GENISTEIN	DH2M523P0H	GENISTEIN	DB01645	25696	IN
GENTAMICIN C1A	AV4A72IATD	GENTAMICIN C1A	DB04729		
GESTODENE	1664P6E6MI	GESTODENE	DB06730	25734	IN
GINKGOLIDE A	TAZ2DPR77B	GINKGOLIDE-A	DB06743		
GLIPIZIDE	X7WDT95N5C	GLIPIZIDE	DB01067	4821	IN
GLIQUIDONE	C7C2QDD75P	GLIQUIDONE	DB01251	25793	IN
GLISOXEPIDE	H7SC0I332I	GLISOXEPIDE	DB01289		
GLUCONOLACTONE	WQ29KQ9POT	GLUCONOLACTONE	DB04564	25842	IN
GLUCURONIC ACID	8A5D83Q4RW	D-GLUCURONIC ACID	DB03156	1426906	PIN
GLUTARAL	T3C89M417N	PENTANEDIAL	DB03266	4888	IN
GLUTARIC ACID	H849F7N00B	GLUTARIC ACID	DB03553		
GLYCEROL PHENYLBUTYRATE	ZH6F1VCV7B	GLYCEROL PHENYLBUTYRATE	DB08909	1368451	PIN
GLYCOCHENODEOXYCHOLIC ACID	451ZNJ667Y	GLYCOCHENODEOXYCHOLIC ACID	DB02123		
GLYCOLIC ACID	0WT12SX38S	HYDROXYACETIC ACID	DB03085	587318	PIN
GLYMIDINE	4C5I4BQZ8F	GLYCODIAZINE	DB01382	102848	IN
GOSERELIN	0F65R8P09N	GOSERELIN	DB00014	50610	IN
GRISEOFULVIN	32HRV3E3D5	GRISEOFULVIN	DB00400	5021	IN
GUANABENZ	GGD30112WC	GUANABENZ	DB00629	5033	IN
GUANETHIDINE	ZTI6C33Q2Q	GUANETHIDINE	DB01170	5036	IN
GUANFACINE	30OMY4G3MK	GUANFACINE	DB01018	40114	IN
GUANIDINE	JU58VJ6Y3B	GUANIDINE	DB00536	50675	IN
GUVACINE	41538P325K	GUVACINE	DB08848		
HADACIDIN	BFO5P1010A	HADACIDIN	DB02109		
HALAZEPAM	320YC168LF	HALAZEPAM	DB00801	26412	IN
HALOPERIDOL	J6292F8L3D	HALOPERIDOL	DB00502	5093	IN
HALOPROGIN	AIU7053OWL	HALOPROGIN	DB00793	26422	IN
HEPTABARBITAL	V10R70ML23	HEPTABARBITAL	DB01354		
HEPTANAMIDE	6QX6H3415T	HEPTANAMIDE	DB02641		
HEPTANOIC ACID	THE3YNP39D	HEPTANOIC ACID	DB02938	991260	IN
HESPERETIN	Q9Q3D557F1	HESPERETIN	DB01094	1314255	IN
HETACILLIN	TN4JSC48CV	HETACILLIN	DB00739	26797	IN
HEXACHLOROPHENE	IWW5FV6NK2	HEXACHLOROPHENE	DB00756	5293	IN
HEXAMETHYLENEDIAMINE	ZRA5J5B2QW	1,6-DIAMINOHEXANE	DB03260		
HEXANE	2DDG612ED8	HEXANE	DB02764		
HISTAMINE DIHYDROCHLORIDE	3POA0Q644U	HISTAMINE DIHYDROCHLORIDE	DB05381	142136	PIN
HISTAMINE PHOSPHATE	QWB37T4WZZ	HISTAMINE PHOSPHATE	DB00667	26925	PIN
HYDRALAZINE	26NAK24LS8	HYDRALAZINE	DB01275	5470	IN
HYDROCORTAMATE	Y3N00BK5WK	HYDROCORTAMATE	DB00769		
HYDROCORTISONE	WI4X0X7BPJ	HYDROCORTISONE	DB00741	5492	IN
HYDROMORPHINOL	1O00P9X5C1	HYDROMORPHINOL	DB01512		
HYDROXYUREA	X6Q56QN5QC	HYDROXYUREA	DB01005	5552	IN
HYOSCYAMINE	PX44XO846X	HYOSCYAMINE	DB00424	153970	IN
IBUDILAST	M0TTH61XC5	IBUDILAST	DB05266		
ICOSAPENT ETHYL	6GC8A4PAYH	ICOSAPENT ETHYL	DB08887	1304974	IN
IDARUBICIN	ZRP63D75JW	IDARUBICIN	DB01177	5650	IN
IDOXURIDINE	LGP81V5245	IDOXURIDINE	DB00249	5653	IN
IDRONOXIL	995FT1W541	PHENOXODIOL	DB04915		
ILOMASTAT	I0403ML141	GM6001	DB02255	1368877	IN
ILOPERIDONE	VPO7KJ050N	ILOPERIDONE	DB04946	73178	IN
IMATINIB	BKJ8M8G5HI	IMATINIB	DB00619	282388	IN
IMIPRAMINE	OGG85SX4E4	IMIPRAMINE	DB00458	5691	IN
IMIQUIMOD	P1QW714R7M	IMIQUIMOD	DB00724	59943	IN
IMPLITAPIDE	Q70OH404HR	IMPLITAPIDE	DB04852		
INAMRINONE	JUT23379TN	AMRINONE	DB01427	738	IN
INDACATEROL	8OR09251MQ	INDACATEROL	DB05039	1114326	IN
INDECAINIDE	3AZF20DM1T	INDECAINIDE	DB00192		
INDENE	67H8Y6LB8A	INDENE	DB02815		
INGENOL MEBUTATE	7686S50JAH	INGENOL MEBUTATE	DB05013	1242806	IN
IOBENGUANE	35MRW7B4AD	IOBENGUANE	DB06704	14448	IN
IODIPAMIDE	TKQ858A3VW	IODIPAMIDE	DB04711	5936	IN
IPRONIAZID	D892HFI3XA	IPRONIAZID	DB04818	5981	IN
ISATIN	82X95S7M06	ISATIN	DB02095		
ISOBUTYLBENZENE	FI94T26KGB	ISOBUTYLBENZENE	DB04078		
ISOBUTYRIC ACID	8LL210O1U0	ISOBUTYRIC ACID	DB02531		
ISOCARBOXAZID	34237V843T	ISOCARBOXAZID	DB01247	6011	IN
ISOFLUROPHATE	12UHW9R67N	ISOFLUROPHATE	DB00677	6027	IN
ISONIAZID	V83O1VOZ8L	ISONIAZID	DB00951	6038	IN
ISOPROPAMIDE	8B9I31H724	ISOPROPAMIDE	DB01625	89784	IN
ISOQUINOLINE	JGX76Y85M6	ISOQUINOLINE	DB04329		
ISOSORBIDE DINITRATE	IA7306519N	ISOSORBIDE DINITRATE	DB00883	6058	IN
ISOSORBIDE MONONITRATE	LX1OH63030	ISOSORBIDE MONONITRATE	DB01020	28004	PIN
ISOTRETINOIN	EH28UP18IF	ISOTRETINOIN	DB00982	6064	IN
ISOVALERIC ACID	1BR7X184L5	ISOVALERIC ACID	DB03750		
ISOVALINE, D-	IF7U5GXQ28	D-ISOVALINE	DB04171		
ITOPRIDE	81BMQ80QRL	ITOPRIDE	DB04924		
IVACAFTOR	1Y740ILL1Z	IVACAFTOR	DB08820	1243041	IN
JOSAMYCIN	HV13HFS217	JOSAMYCIN	DB01321	6084	IN
KAEMPFEROL	731P2LE49E	KAEMPHEROL	DB01852		
KETOBEMIDONE	PQS1L514CF	KETOBEMIDONE	DB06738		
KETOTIFEN	X49220T18G	KETOTIFEN	DB00920	6146	IN
KOJIC ACID	6K23F1TT52	5-HYDROXY-2-(HYDROXYMETHYL)-4H-PYRAN-4-ONE	DB01759	1426451	IN
LACOSAMIDE	563KS2PQY5	LACOSAMIDE	DB06218	623400	IN
LAMOTRIGINE	U3H27498KS	LAMOTRIGINE	DB00555	28439	IN
LAPATINIB	0VUA21238F	LAPATINIB	DB01259	480167	IN
LATANOPROST	6Z5B6HVF6O	LATANOPROST	DB00654	43611	IN
LATRUNCULIN B	LW7U308U7U	LATRUNCULIN B	DB08080		
LAURYL ALCOHOL	178A96NLP2	1-DODECANOL	DB06894	1362875	IN
LAURYL SULFATE	DIQ16UC154	DODECYL SULFATE	DB03967	1362927	IN
LEFLUNOMIDE	G162GK9U4W	LEFLUNOMIDE	DB01097	27169	IN
LEFRADAFIBAN	0R4888YXR5	LEFRADAFIBAN	DB04863		
LESOPITRON	H1CGM4755H	LESOPITRON	DB04970		
LETROZOLE	7LKK855W8I	LETROZOLE	DB01006	72965	IN
LEUCINE	GMW67QNF9C	L-LEUCINE	DB00149	6308	IN
LEVALLORPHAN	353613BU4U	LEVALLORPHAN	DB00504	6370	IN
LEVAMISOLE	2880D3468G	LEVAMISOLE	DB00848	6371	IN
LEVOBUNOLOL	G6317AOI7K	LEVOBUNOLOL	DB01210	1813	IN
LEVOMENTHOL	BZ1R15MTK7	MENTHOL	DB00825	236388	IN
LEVOMEPROMAZINE	9G0LAW7ATQ	METHOTRIMEPRAZINE	DB01403	6852	IN
LEVOMILNACIPRAN	UGM0326TXX	LEVOMILNACIPRAN	DB08918	1433212	IN
LEVONORDEFRIN	V008L6478D	LEVONORDEFRIN	DB06707	132889	IN
LEVONORGESTREL	5W7SIA7YZW	LEVONORGESTREL	DB00367	6373	IN
LEVORPHANOL	27618J1N2X	LEVORPHANOL	DB00854	6378	IN
LEVOSIMENDAN	C6T4514L4E	LEVOSIMENDAN	DB00922	73107	IN
LEVOTHYROXINE	Q51BO43MG4	LEVOTHYROXINE	DB00451	10582	IN
LEVULINIC ACID	RYX5QG61EI	LAEVULINIC ACID	DB02239	6379	IN
LICOFELONE	P5T6BYS22Y	LICOFELONE	DB04725		
LINAGLIPTIN	3X29ZEJ4R2	LINAGLIPTIN	DB08882	1100699	IN
LINDANE	59NEE7PCAB	LINDANE	DB00431	1388	IN
LINEZOLID	ISQ9I6J12J	LINEZOLID	DB00601	190376	IN
LINTITRIPT	3YFV00531K	LINTITRIPT	DB04867		
LIOTHYRONINE	06LU7C9H1V	LIOTHYRONINE	DB00279	10814	IN
LISDEXAMFETAMINE	H645GUL8KJ	LISDEXAMFETAMINE	DB01255	700810	IN
LOBELINE	D0P25S3P81	LOBELINE	DB05137	6464	IN
LOMITAPIDE	82KUB0583F	LOMITAPIDE	DB08827	1364479	IN
LOMUSTINE	7BRF0Z81KG	LOMUSTINE	DB01206	6466	IN
LOPERAMIDE	6X9OC3H4II	LOPERAMIDE	DB00836	6468	IN
LOPINAVIR	2494G1JF75	LOPINAVIR	DB01601	195088	IN
LORATADINE	7AJO3BO7QN	LORATADINE	DB00455	28889	IN
LOTEPREDNOL	Z8CBU6KR16	LOTEPREDNOL	DB00873	237027	IN
LOXAPINE	LER583670J	LOXAPINE	DB00408	6475	IN
LUCANTHONE	FC6D57000M	LUCANTHONE	DB04967		
LUMICHROME	99U1UDJ2HM	7,8-DIMETHYLALLOXAZINE	DB04345		
LUMIRACOXIB	V91T9204HU	LUMIRACOXIB	DB01283		
LURASIDONE	22IC88528T	LURASIDONE	DB08815	1040028	IN
LY-294002	31M2U1DVID	2-(4-MORPHOLINYL)-8-PHENYL-4H-1-BENZOPYRAN-4-ONE	DB02656		
LYSERGIDE	8NA5SWF92O	LYSERGIC ACID DIETHYLAMIDE	DB04829		
MACITENTAN	Z9K9Y9WMVL	MACITENTAN	DB08932	1442132	IN
MALONDIALDEHYDE	4Y8F71G49Q	MALONALDEHYDE	DB03057		
MANDELIC ACID, (S)-	L0UMW58G3T	(S)-MANDELIC ACID	DB03357		
MANNITOL	3OWL53L36A	MANNITOL	DB00742	6628	IN
MAPROTILINE	2U1W68TROF	MAPROTILINE	DB00934	6646	IN
MARIMASTAT	D5EQV23TDS	MARIMASTAT	DB00786		
MASOPROCOL	7BO8G1BYQU	MASOPROCOL	DB00179	227239	IN
M-CHLOROPHENOL	Z2Z7M2FTAD	3-CHLOROPHENOL	DB01957		
MEBENDAZOLE	81G6I5V05I	MEBENDAZOLE	DB00643	6672	IN
MECHLORETHAMINE	50D9XSG0VR	MECHLORETHAMINE	DB00888	6674	IN
MECLOFENAMIC ACID	48I5LU4ZWD	MECLOFENAMIC ACID	DB00939	6678	IN
MEDROXYPROGESTERONE ACETATE	C2QI4IOI2G	MEDROXYPROGESTERONE ACETATE	DB00603	1000112	PIN
MEDRYSONE	D2UFC189XF	MEDRYSONE	DB00253	29439	IN
MELPHALAN	Q41OR9510P	MELPHALAN	DB01042	6718	IN
MENADIONE	723JX6CXY5	MENADIONE	DB00170	6728	IN
MEPERIDINE	9E338QE28F	PETHIDINE	DB00454	6754	IN
MEPHENTERMINE	TEZ91L71V4	MEPHENTERMINE	DB01365	6756	IN
MERCURIC IODIDE	R03O05RB0P	MERCURY DIIODIDE	DB04445	1426941	IN
MERIMEPODIB	2ZL2BA06FU	MERIMEPODIB	DB04862		
MESALAMINE	4Q81I59GXC	MESALAZINE	DB00244	52582	IN
METACRESOL	GGO4Y809LO	M-CRESOL	DB01776	1367170	IN
METARAMINOL	818U2PZ2EH	METARAMINOL	DB00610	6805	IN
METFORMIN	9100L32L2N	METFORMIN	DB00331	6809	IN
METHAMPHETAMINE	44RAL3456C	METHAMPHETAMINE	DB01577	6816	IN
METHANTHELINE	36EI79TX7I	METHANTHELINE	DB00940	6821	IN
METHAQUALONE	7ZKH8MQW6T	METHAQUALONE	DB04833	6823	IN
METHARBITAL	02OS7K758T	METHARBITAL	DB00463	6825	IN
METHICILLIN	Q91FH1328A	METICILLIN	DB01603		
METHIMAZOLE	554Z48XN5E	METHIMAZOLE	DB00763	6835	IN
METHIONINE, D-	868496F25R	D-METHIONINE	DB02893		
METHOXSALEN	U4VJ29L7BQ	METHOXSALEN	DB00553	6854	IN
METHOXYFLURANE	30905R8O7B	METHOXYFLURANE	DB01028	6857	IN
METHYLAMINE	BSF23SJ79E	METHYLAMINE	DB01828		
METHYL AMINOLEVULINATE	585NM85KYM	METHYL AMINOLEVULINATE	DB00992	337068	IN
METHYLERGONOVINE	W53L6FE61V	METHYLERGOMETRINE	DB00353	6883	IN
METHYLMALONIC ACID	8LL8S712J7	METHYLMALONIC ACID	DB04183		
METHYLPREDNISOLONE	X4W7ZR7023	METHYLPREDNISOLONE	DB00959	6902	IN
METHYLTESTOSTERONE	V9EFU16ZIF	METHYLTESTOSTERONE	DB06710	6904	IN
METIAMIDE	3K7670861M	METIAMIDE	DB08805		
METOCLOPRAMIDE	L4YEB44I46	METOCLOPRAMIDE	DB01233	6915	IN
METOCURINE IODIDE	O0U0E87X7F	METOCURINE IODIDE	DB00416	203206	PIN
METOCURINE	V0M92G2U26	METOCURINE	DB01336	29950	IN
METRIBOLONE	2C323EGI97	METHYLTRIENOLONE	DB02998		
METRONIDAZOLE	140QMO216E	METRONIDAZOLE	DB00916	6922	IN
METYRAPONE	ZS9KD92H6V	METYRAPONE	DB01011	6923	IN
METYROSINE	DOQ0J0TPF7	METYROSINE	DB00765	266604	IN
MEZLOCILLIN	OH2O403D1G	MEZLOCILLIN	DB00948	6927	IN
M-HYDROXYHIPPURIC ACID	17HCX0HNRT	3-HYDROXYHIPPURIC ACID	DB07069		
MIBEFRADIL	27B90X776A	MIBEFRADIL	DB01388	83213	IN
MICAFUNGIN	R10H71BSWG	MICAFUNGIN	DB01141	325887	IN
MIDAZOLAM	R60L0SM5BC	MIDAZOLAM	DB00683	6960	IN
MIFEPRISTONE	320T6RNW1F	MIFEPRISTONE	DB00834	6964	IN
MIGLITOL	0V5436JAQW	MIGLITOL	DB00491	30009	IN
MIGLUSTAT	ADN3S497AZ	MIGLUSTAT	DB00419	402316	IN
MILRINONE	JU9YAX04C7	MILRINONE	DB00235	52769	IN
MINAPRINE	00U7GX0NLM	MINAPRINE	DB00805	30031	IN
MINOXIDIL	5965120SH1	MINOXIDIL	DB00350	6984	IN
MIRABEGRON	MVR3JL3B2V	MIRABEGRON	DB08893	1300786	IN
MITOMYCIN	50SG953SK6	MITOMYCIN	DB00305	632	IN
MITOXANTRONE	BZ114NVM5P	MITOXANTRONE	DB01204	7005	IN
MOCLOBEMIDE	PJ0Y7AZB63	MOCLOBEMIDE	DB01171	30121	IN
MOMETASONE	8HR4QJ6DW8	MOMETASONE	DB00764	108118	IN
MONOBENZONE	9L2KA76MG5	MONOBENZONE	DB00600	17145	IN
MONOETHYL PHOSPHATE	BMH1WT204A	ETHYL DIHYDROGEN PHOSPHATE	DB03822		
MONTELUKAST	MHM278SD3E	MONTELUKAST	DB00471	88249	IN
MORICIZINE	2GT1D0TMX1	MORICIZINE	DB00680	40169	IN
MOTEXAFIN GADOLINIUM	6433A42F4F	MOTEXAFIN GADOLINIUM	DB05428		
MOXIFLOXACIN	U188XYD42P	MOXIFLOXACIN	DB00218	139462	IN
MUPIROCIN	D0GX863OA5	MUPIROCIN	DB00410	42372	IN
MYRICETIN	76XC01FTOJ	MYRICETIN	DB02375	1368374	IN
MYRISTIC ACID	0I3V7S25AW	MYRISTIC ACID	DB08231	1356758	PIN
N-(2-ACETAMIDO)IMINODIACETIC ACID	5C4R3O704E	N-(2-ACETAMIDO)IMINODIACETIC ACID	DB02810		
N-ACETYLMETHIONINE	9J12WX5B6A	N-ACETYLMETHIONINE	DB01646		
NADH	4J24DQ0916	NADH	DB00157	7222	IN
NAFCILLIN	4CNZ27M7RV	NAFCILLIN	DB00607	7233	IN
NAFTIFINE	4FB1TON47A	NAFTIFINE	DB00735	31476	IN
NALBUPHINE	L2T84IQI2K	NALBUPHINE	DB00844	7238	IN
NALIDIXIC ACID	3B91HWA56M	NALIDIXIC ACID	DB00779	7240	PIN
NALOXONE	36B82AMQ7N	NALOXONE	DB01183	7242	IN
NALTREXONE	5S6W795CQM	NALTREXONE	DB00704	7243	IN
NANDROLONE DECANOATE	H45187T098	NANDROLONE DECANOATE	DB08804	31494	PIN
NANDROLONE PHENPROPIONATE	KF7Z9K2T3W	NANDROLONE PHENPROPIONATE	DB00984	31495	PIN
NAPHAZOLINE	H231GF11BV	NAPHAZOLINE	DB06711	7247	IN
NAPROXEN	57Y76R9ATQ	NAPROXEN	DB00788	7258	IN
NARATRIPTAN	QX3KXL1ZA2	NARATRIPTAN	DB00952	141366	IN
NARINGENIN	HN5425SBF2	NARINGENIN	DB03467	1368173	IN
NEAMINE	5981U00LY0	NEAMINE	DB04808		
NEDOCROMIL	0B535E0BN0	NEDOCROMIL	DB00716	31563	IN
NEFAZODONE	59H4FCV1TF	NEFAZODONE	DB01149	31565	IN
NELARABINE	60158CV180	NELARABINE	DB01280	274771	IN
NELFINAVIR	HO3OGH5D7I	NELFINAVIR	DB00220	134527	IN
NEOSTIGMINE	3982TWQ96G	NEOSTIGMINE	DB01400	7315	IN
NEPAFENAC	0J9L7J6V8C	NEPAFENAC	DB06802	298665	IN
NERAMEXANE	856DX0KJ84	NERAMEXANE	DB04926		
N-ETHYLMALEIMIDE	O3C74ACM9V	N-ETHYLMALEIMIDE	DB02967		
NIALAMIDE	T2Q0RYM725	NIALAMIDE	DB04820	7394	IN
NICERGOLINE	JCV8365FWN	NICERGOLINE	DB00699	7398	IN
NICLOSAMIDE	8KK8CQ2K8G	NICLOSAMIDE	DB06803	7402	IN
NIFLUMIC ACID	4U5MP5IUD8	NIFLUMIC ACID	DB04552	7418	IN
NILOTINIB	F41401512X	NILOTINIB	DB04868	662281	IN
NILUTAMIDE	51G6I8B902	NILUTAMIDE	DB00665	31805	IN
NIMESULIDE	V4TKW1454M	NIMESULIDE	DB04743	53694	IN
NITAZOXANIDE	SOA12P041N	NITAZOXANIDE	DB00507	31819	IN
NITISINONE	K5BN214699	NITISINONE	DB00348	61805	IN
NITRAZEPAM	9CLV70W7HS	NITRAZEPAM	DB01595	7440	IN
NITRIC OXIDE	31C4KY9ESH	NITRIC OXIDE	DB00435	7442	IN
NITRILOTRIACETIC ACID	KA90006V9D	NITRILOTRIACETIC ACID	DB03040		
NITROARGININE	7O8V7H6P2J	NITROARGININE	DB04223		
NITROFURAZONE	X8XI70B5Z6	NITROFURAL	DB00336	7455	IN
NITROGLYCERIN	G59M7S0WS3	NITROGLYCERIN	DB00727	4917	IN
NITROXOLINE	A8M33244M6	NITROXOLINE	DB01422	31901	IN
N,N-DIETHYLTRYPTAMINE	916E8V4S2V	DIETHYLTRYPTAMINE	DB01460		
N,N-DIMETHYLFORMAMIDE	8696NH0Y2X	DIMETHYLFORMAMIDE	DB01844		
N,N-DIMETHYLGLYCINE	7797M4CPPA	DIMETHYLGLYCINE	DB02083	1313173	IN
NOCODAZOLE	SH1WY3R615	NOCODAZOLE	DB08313		
NORETHINDRONE	T18F433X4S	NORETHINDRONE	DB00717	7514	IN
NORFLOXACIN	N0F8P22L1P	NORFLOXACIN	DB01059	7517	IN
NORGESTIMATE	C291HFX4DY	NORGESTIMATE	DB00957	31994	IN
NORTRIPTYLINE	BL03SY4LXB	NORTRIPTYLINE	DB00540	7531	IN
NORVALINE	A70UKS48FE	NORVALINE	DB04185		
NOVOBIOCIN	17EC19951N	NOVOBIOCIN	DB01051	7538	IN
O-ALLYLPHENOL	O04F145ZJZ	2-ALLYLPHENOL	DB02534		
O-AMINOPHENOL	23RH73DZ65	2-AMINOPHENOL	DB01726		
O-BROMOPHENOL	A0UB206YF0	2-BROMOPHENOL	DB04586		
OCTAMETHYLENEDIAMINE	53A6694PIE	OCTAMETHYLENEDIAMINE	DB04333		
OCTANE	X1RV0B2FJV	N-OCTANE	DB02440		
OLANZAPINE	N7U69T4SZR	OLANZAPINE	DB00334	61381	IN
OLOMOUCINE	6A839B2HYS	OLOMOUCINE	DB02116		
OLOPATADINE	D27V6190PM	OLOPATADINE	DB00768	135391	IN
OLSALAZINE	ULS5I8J03O	OLSALAZINE	DB01250	32385	IN
O-PHENANTHROLINE	W4X6ZO7939	1,10-PHENANTHROLINE	DB02365		
ORITAVANCIN	PUG62FRZ2E	ORITAVANCIN	DB04911	1547611	IN
ORLISTAT	95M8R751W8	ORLISTAT	DB01083	37925	IN
OROTIC ACID	61H4T033E5	OROTIC ACID	DB02262	7712	IN
OSANETANT	K7G81N94DT	OSANETANT	DB04872		
OSELTAMIVIR	20O93L6F9H	OSELTAMIVIR	DB00198	260101	IN
OSPEMIFENE	B0P231ILBK	OSPEMIFENE	DB04938	1370971	IN
OTERACIL	5VT6420TIG	OXONIC ACID	DB03209		
OUABAIN	5ACL011P69	OUABAIN	DB01092	7762	IN
OXACILLIN	UH95VD7V76	OXACILLIN	DB00713	7773	IN
OXALIC ACID	9E7R5L6H31	OXALIC ACID	DB03902	1427058	IN
OXAMIC ACID	QU60N5OPLG	OXAMIC ACID	DB03940		
OXANDROLONE	7H6TM3CT4L	OXANDROLONE	DB00621	7779	IN
OXELADIN	SNC1080T5Y	OXELADIN	DB04822	32626	IN
OXIBENDAZOLE	022N12KJ0X	OXIBENDAZOLE	DB04910	1009342	IN
OXTRIPHYLLINE	3K045XR58X	OXTRIPHYLLINE	DB01303	20976	IN
OXYBENZONE	95OOS7VE0Y	OXYBENZONE	DB01428	32673	IN
OXYMETAZOLINE	8VLN5B44ZY	OXYMETAZOLINE	DB00935	7812	IN
OXYPHENISATIN	3BT0VQG2GQ	OXYPHENISATIN	DB04823	8136	IN
OXYPURINOL	G97OZE5068	OXYPURINOL	DB05262		
PACLITAXEL DOCOSAHEXAENOIC ACID	OJE5810C4F	DHA-PACLITAXEL	DB05297		
PALMITIC ACID	2V16EO95H1	PALMITIC ACID	DB03796	1426390	PIN
PANCURONIUM	J76UF062FS	PANCURONIUM	DB01337	7883	IN
P-ANISIC ACID	4SB6Y7DMM3	P-ANISIC ACID	DB02795	1426595	IN
PAPAVERINE	DAA13NKG2Q	PAPAVERINE	DB01113	7895	IN
PARA-CRESOL	1MXY2UM8NV	P-CRESOL	DB01688		
PARAMETHASONE	VFC6ZX3584	PARAMETHASONE	DB01384	7910	IN
PARECOXIB	9TUW81Y3CE	PARECOXIB	DB08439	279950	IN
PARGYLINE	9MV14S8G3E	PARGYLINE	DB01626	7930	IN
PARICALCITOL	6702D36OG5	PARICALCITOL	DB00910	73710	IN
PAROMOMYCIN	61JJC8N5ZK	PAROMOMYCIN	DB01421	7934	IN
PAROXETINE	41VRH5220H	PAROXETINE	DB00715	32937	IN
PASIREOTIDE	98H1T17066	PASIREOTIDE	DB06663	1364105	IN
PAZOPANIB	7RN5DR86CK	PAZOPANIB	DB06589	714438	IN
P-CHLOROBENZOIC ACID	IC7888DF4L	4-CHLOROBENZOIC ACID	DB03728		
P-CUMYLPHENOL	2RLA3OL3QT	4-(1-METHYL-1-PHENYLETHYL)PHENOL	DB06902		
PEFLOXACIN	2H52Z9F2Q5	PEFLOXACIN	DB00487	7960	IN
PELDESINE	7B646RJ70F	PELDESINE	DB02568		
PEMIROLAST	2C09NV773M	PEMIROLAST	DB00885	19551	IN
PENCICLOVIR	359HUE8FJC	PENCICLOVIR	DB00299	59839	IN
PENICILLIN G	Q42T66VG0C	BENZYLPENICILLIN	DB01053	7980	IN
PENICILLIN V	Z61I075U2W	PENICILLIN V	DB00417	7984	IN
PENTABROMOPHENOL	V89A88NMMX	PENTABROMOPHENOL	DB03167		
PENTADECANE	16H6K2S8M2	PENTADECANE	DB03715		
PENTAMIDINE	673LC5J4LQ	PENTAMIDINE	DB00738	7994	IN
PENTANE	4FEX897A91	PENTANE	DB03119	1311563	IN
PENTOLINIUM	ULL76WPU5X	PENTOLINIUM	DB01090		
PENTOSTATIN	395575MZO7	PENTOSTATIN	DB00552	8011	IN
PENTOXIFYLLINE	SD6QCT3TSU	PENTOXIFYLLINE	DB00806	8013	IN
PENTYLAMINE	E05QM3V8EF	AMYLAMINE	DB02045	1367190	IN
PERCHLORATE ION	VLA4NZX2P4	PERCHLORATE ION	DB03138		
PERFLUTREN	CK0N3WH0SR	PERFLUTREN	DB00556	283753	IN
PERGOLIDE	24MJ822NZ9	PERGOLIDE	DB01186	8047	IN
PERICIAZINE	3405M6FD73	PROPERICIAZINE	DB01608	8766	IN
PERPHENAZINE	FTA7XXY4EZ	PERPHENAZINE	DB00850	8076	IN
PHENACEMIDE	PAI7J52V09	PHENACEMIDE	DB01121	33253	IN
PHENACETIN	ER0CTH01H9	PHENACETIN	DB03783	8113	IN
PHENANTHRENE	448J8E5BST	PHENANTHRENE	DB08381		
PHENAZOPYRIDINE	K2J09EMJ52	PHENAZOPYRIDINE	DB01438	8120	IN
PHENCYCLIDINE	J1DOI7UV76	PHENCYCLIDINE	DB03575		
PHENELZINE	O408N561GF	PHENELZINE	DB00780	8123	IN
PHENFORMIN	DD5K7529CE	PHENFORMIN	DB00914	8129	IN
PHENINDIONE	5M7Y6274ZE	PHENINDIONE	DB00498	8130	IN
PHENOBARBITAL	YQE403BP4D	PHENOBARBITAL	DB01174	8134	IN
PHENOL	339NCG44TV	PHENOL	DB03255	33290	IN
PHENOLPHTHALEIN	6QK969R2IF	PHENOLPHTHALEIN	DB04824	155122	IN
PHENSERINE	SUE285UG3S	PHENSERINE	DB04892		
PHENTERMINE	C045TQL4WP	PHENTERMINE	DB00191	8152	IN
PHENTOLAMINE	Z468598HBV	PHENTOLAMINE	DB00692	8153	IN
PHENYLACETALDEHYDE	U8J5PLW9MR	PHENYLACETALDEHYDE	DB02178	1367159	IN
PHENYLALANINE, D-	032K16VRCU	D-PHENYLALANINE	DB02556		
PHENYLBUTAZONE	GN5P7K3T8S	PHENYLBUTAZONE	DB00812	8160	IN
PHENYLEPHRINE	1WS297W6MV	PHENYLEPHRINE	DB00388	8163	IN
PHENYLGLYOXYLIC ACID	2PZL5A0W0M	BENZOYLFORMIC ACID	DB02279		
PHOSPHONOACETIC ACID	N919E46723	PHOSPHONOACETIC ACID	DB02823		
PHTHALIC ACID	6O7F7IX66E	PHTHALIC ACID	DB02746		
PHYSOSTIGMINE	9U1VM840SP	PHYSOSTIGMINE	DB00981	8299	IN
PIBOSEROD	4UQ3S81B25	PIBOSEROD	DB04873		
PICLAMILAST	WM58D7C3ZT	PICLAMILAST	DB01791		
PICOPLATIN	B5TAN0L720	PICOPLATIN	DB04874		
PILOCARPINE	01MI4Q9DI3	PILOCARPINE	DB01085	8328	IN
PIMAGEDINE HYDROCHLORIDE	A2Z7G2RGAH	PIMAGEDINE HCL	DB05383	1311669	PIN
PIMAGEDINE	SCQ4EZQ113	AMINOGUANIDINE	DB02533	1311670	IN
PIMELIC ACID	BZQ96WX25F	PIMELIC ACID	DB01856		
PIMOZIDE	1HIZ4DL86F	PIMOZIDE	DB01100	8331	IN
PIPAZETHATE	M5EK1T5V2L	PIPAZETHATE	DB08796	33740	IN
PIPECURONIUM	1N3O74HM92	PIPECURONIUM	DB01338	33742	IN
PIPERACILLIN ANHYDROUS	9I628532GX	PIPERACILLIN	DB00319	1546000	PIN
PIPERAZINE	1RTM4PAL0V	PIPERAZINE	DB00592	8340	IN
PIPOBROMAN	6Q99RDT97R	PIPOBROMAN	DB00236	8347	IN
PIPOTIAZINE	L903J9JPYV	PIPOTIAZINE	DB01621	8348	IN
PIRETANIDE	DQ6KK6GV93	PIRETANIDE	DB02925	33770	IN
PIRFENIDONE	D7NLD2JX7U	PIRFENIDONE	DB04951		
PITAVASTATIN	M5681Q5F9P	PITAVASTATIN	DB08860	861634	IN
PIVAMPICILLIN	0HLM346LL7	PIVAMPICILLIN	DB01604	8372	IN
PLECONARIL	9H4570Q89D	PLECONARIL	DB05105		
PLERIXAFOR	S915P5499N	PLERIXAFOR	DB06809	733003	IN
PLICAMYCIN	NIJ123W41V	PLICAMYCIN	DB06810	6995	IN
P-NITROPHENOL	Y92ZL45L4R	P-NITROPHENOL	DB04417		
PODOFILOX	L36H50F353	PODOFILOX	DB01179	8463	IN
PONATINIB	4340891KFS	PONATINIB	DB08901	1364347	IN
POTASSIUM CHLORIDE	660YQ98I10	POTASSIUM CHLORIDE	DB00761	8591	IN
POTASSIUM IODIDE	1C4QK22F9J	POTASSIUM IODIDE	DB06715	8597	IN
PPI-2458	NA0Y2SRR29	PPI-2458	DB05864		
PRADEFOVIR MESYLATE	0D5204ZSIX	PRADEFOVIR MESYLATE	DB05478		
PRALIDOXIME	P7MU9UTP52	PRALIDOXIME	DB00733	34345	IN
PRALNACASAN	N986NI319S	PRALNACASAN	DB04875		
PRAMIPEXOLE	83619PEU5T	PRAMIPEXOLE	DB00413	746741	IN
PRASTERONE	459AG36T1B	DEHYDROEPIANDROSTERONE	DB01708	3143	IN
PRASTERONE SULFATE	57B09Q7FJR	DEHYDROEPIANDROSTERONE SULFATE	DB05804		
PRAZEPAM	Q30VCC064M	PRAZEPAM	DB01588	8627	IN
PRAZOSIN	XM03YJ541D	PRAZOSIN	DB00457	8629	IN
PREGABALIN	55JG375S6M	PREGABALIN	DB00230	187832	IN
PREGNENOLONE	73R90F7MQ8	PREGNENOLONE	DB02789	114052	IN
PRIMIDONE	13AFD7670Q	PRIMIDONE	DB00794	8691	IN
PROBENECID	PO572Z7917	PROBENECID	DB01032	8698	IN
PROBUCOL	P3CTH044XJ	PROBUCOL	DB01599	8699	IN
PROCARBAZINE	35S93Y190K	PROCARBAZINE	DB01168	8702	IN
PROCHLORPERAZINE	YHP6YLT61T	PROCHLORPERAZINE	DB00433	8704	IN
PROFLAVINE	CY3RNB3K4T	PROFLAVINE	DB01123	8723	IN
PROGUANIL	S61K3P7B2V	PROGUANIL	DB01131	2382	IN
PROMAZINE	O9M39HTM5W	PROMAZINE	DB00420	8742	IN
PROPANE TRICARBOXYLIC ACID	RA5QH2J020	TRICARBALLYLIC ACID	DB04562		
PROPANTHELINE	1306V2B0Q8	PROPANTHELINE	DB00782	8761	IN
PROPIDIUM	74NX23J96Y	PROPIDIUM	DB02166		
PROPIONAMIDE	QK07G0HP47	PROPIONAMIDE	DB04161	1366667	IN
PROPOFOL	YI7VU623SF	PROPOFOL	DB00818	8782	IN
PROPYL ACETATE	4AWM8C91G6	PROPYL ACETATE	DB01670		
PROPYLTHIOURACIL	721M9407IY	PROPYLTHIOURACIL	DB00550	8794	IN
PROTRIPTYLINE	4NDU154T12	PROTRIPTYLINE	DB00344	8886	IN
PSEUDOEPHEDRINE	7CUC9DDI9F	PSEUDOEPHEDRINE	DB00852	8896	IN
PTEROIC ACID	8258W48TBZ	PTEROIC ACID	DB04196		
PUROMYCIN	4A6ZS6Q2CL	PUROMYCIN	DB08437		
P-XYLENE	6WAC1O477V	PARA-XYLENE	DB03463		
PYRAZINAMIDE	2KNI5N06TI	PYRAZINAMIDE	DB00339	8987	IN
PYRAZOLE	3QD5KJZ7ZJ	PYRAZOLE	DB02757		
PYRIDOSTIGMINE	19QM69HH21	PYRIDOSTIGMINE	DB00545	9000	IN
PYRIDOXAL PHOSPHATE ANHYDROUS	F06SGE49M6	PYRIDOXAL PHOSPHATE	DB00114		
PYRIDOXINE	KV2JZ1BI6Z	PYRIDOXINE	DB00165	684879	IN
PYRILAMINE	HPE317O9TL	MEPYRAMINE	DB06691	9009	IN
PYRIMETHAMINE	Z3614QOX8W	PYRIMETHAMINE	DB00205	9010	IN
PYROMELLITIC ACID	D9UXG2U6ZU	PYROMELLITIC ACID	DB02749		
QUAZEPAM	JF8V0828ZI	QUAZEPAM	DB01589	35185	IN
QUERCETIN	9IKM0I5T1E	QUERCETIN	DB04216	9060	IN
QUETIAPINE	BGL0JSY5SI	QUETIAPINE	DB01224	51272	IN
QUINALDIC ACID	P90NWT719R	QUINALDIC ACID	DB02428		
QUINESTROL	JR0N7XD5GZ	QUINESTROL	DB04575	9066	IN
QUININE	A7V27PHC7A	QUININE	DB00468	9071	IN
QUINOLINIC ACID	F6F0HK1URN	QUINOLINIC ACID	DB01796		
RADIUM RA-223 DICHLORIDE	RJ00KV3VTG	RADIUM RA 223 DICHLORIDE	DB08913		
RALOXIFENE	YX9162EO3I	RALOXIFENE	DB00481	72143	IN
RALTEGRAVIR	22VKV8053U	RALTEGRAVIR	DB06817	719872	IN
RALTITREXED	FCB9EGG971	RALTITREXED	DB00293	196239	IN
RAMELTEON	901AS54I69	RAMELTEON	DB00980	596205	IN
RASAGILINE	003N66TS6T	RASAGILINE	DB01367	134748	IN
REGORAFENIB	24T2A1DOYB	REGORAFENIB	DB08896	1312397	IN
REMOXIPRIDE	0223RD59PE	REMOXIPRIDE	DB00409	35350	IN
RESERPINE	8B1QWR724A	RESERPINE	DB00206	9260	IN
RESVERATROL	Q369O8926L	RESVERATROL	DB02709	1000492	IN
RETINOL	G2SH0XKK91	VITAMIN A	DB00162	11246	IN
RIBAVIRIN	49717AWG6K	RIBAVIRIN	DB00811	9344	IN
RIDOGREL	QTS5QOO42O	RIDOGREL	DB01207		
RIFABUTIN	1W306TDA6S	RIFABUTIN	DB00615	55672	IN
RIFAXIMIN	L36O5T016N	RIFAXIMIN	DB01220	35619	IN
RILPIVIRINE	FI96A8X663	RILPIVIRINE	DB08864	1102270	IN
RILUZOLE	7LJ087RS6F	RILUZOLE	DB00740	35623	IN
RIMONABANT	RML78EN3XE	RIMONABANT	DB06155		
RISPERIDONE	L6UH7ZF8HC	RISPERIDONE	DB00734	35636	IN
RITONAVIR	O3J8G9O825	RITONAVIR	DB00503	85762	IN
RIVAROXABAN	9NDF7JZ4M3	RIVAROXABAN	DB06228	1114195	IN
RIVASTIGMINE	PKI06M3IW0	RIVASTIGMINE	DB00989	183379	IN
RIZATRIPTAN	51086HBW8G	RIZATRIPTAN	DB00953	88014	IN
ROCURONIUM	WRE554RFEZ	ROCURONIUM	DB00728	68139	IN
ROFLUMILAST	0P6C6ZOP5U	ROFLUMILAST	DB01656	1091836	IN
ROLICYCLIDINE	183O9O9JE3	ROLICYCLIDINE	DB01549		
ROLIPRAM, (-)-	DPX51KUP08	(R)-ROLIPRAM	DB04149		
ROLITETRACYCLINE	GH9IW85221	ROLITETRACYCLINE	DB01301	9462	IN
ROPINIROLE	030PYR8953	ROPINIROLE	DB00268	72302	IN
ROSOXACIN	3Y1OT3J4NW	ROSOXACIN	DB00817	35797	IN
ROXATIDINE ACETATE	ZUP3LSD0DO	ROXATIDINE ACETATE	DB08806	35803	PIN
RUFINAMIDE	WFW942PR79	RUFINAMIDE	DB06201	69036	IN
RUXOLITINIB	82S8X8XX8H	RUXOLITINIB	DB08877	1193326	IN
SALICYLAMIDE	EM8BM710ZC	SALICYLAMIDE	DB08797	9518	IN
SALICYLHYDROXAMIC ACID	8Q07182D0T	SALICYLHYDROXAMIC ACID	DB03819		
SALICYLIC ACID	O414PZ4LPZ	SALICYLIC ACID	DB00936	9525	IN
SALSALATE	V9MO595C9I	SALSALATE	DB01399	36108	IN
SAPRISARTAN	HS64NG1G69	SAPRISARTAN	DB01347		
SATRAPLATIN	8D7B37T28G	SATRAPLATIN	DB04996		
SCOPOLAMINE	DL48G20X8X	SCOPOLAMINE	DB00747	9601	IN
SEBACIC ACID	97AN39ICTC	SEBACIC ACID	DB07645	1427068	PIN
SERINE, D-	1K77H2Z9B1	D-SERINE	DB03929		
SERTINDOLE	GVV4Z879SP	SERTINDOLE	DB06144	41996	IN
SERTRALINE	QUC7NX6WMB	(1S,4S)-4-(3,4-DICHLOROPHENYL)-N-METHYL-1,2,3,4-TETRAHYDRONAPHTHALEN-1-AMINE	DB08567	36437	IN
SERTRALINE	QUC7NX6WMB	SERTRALINE	DB01104	36437	IN
SEVOFLURANE	38LVP0K73A	SEVOFLURANE	DB01236	36453	IN
SILDENAFIL	3M7OB98Y7H	SILDENAFIL	DB00203	136411	IN
SILODOSIN	CUZ39LUY82	SILODOSIN	DB06207	720825	IN
SILVER SULFADIAZINE	W46JY43EJR	SILVER SULFADIAZINE	DB05245	9793	IN
SITAGLIPTIN	QFP0P1DV7Z	SITAGLIPTIN	DB01261	593411	IN
SITAMAQUINE	5AIJ4TGC6B	SITAMAQUINE	DB04909		
SITAXENTAN	J9QH779MEM	SITAXENTAN	DB06268		
S-METHYLCYSTEINE	A34I1H07YM	S-METHYLCYSTEINE	DB02216		
SODIUM BICARBONATE	8MDF5V39QO	SODIUM BICARBONATE	DB01390	36676	IN
SODIUM LAURYL SULFATE	368GB5141J	SODIUM LAURYL SULFATE	DB00815	9871	PIN
SOLIFENACIN SUCCINATE	KKA5DLD701	SOLIFENACIN	DB01591	476588	PIN
SORBINIL	G4186B906P	SORBINIL	DB02712		
SORBITOL	506T60A25R	D-SORBITOL	DB01638	9945	IN
SPARFLOXACIN	Q90AGA787L	SPARFLOXACIN	DB01208	18469	IN
SPARSOMYCIN	6C940P63E7	SPARSOMYCIN	DB04222		
SR-31747	9K6U3I1UR0	SR 31747	DB05792		
STAVUDINE	BO9LE4QFZF	STAVUDINE	DB00649	59763	IN
SUCCINYLCHOLINE	J2R869A8YF	SUCCINYLCHOLINE	DB00202	10154	IN
SULFACETAMIDE	4965G3J0F5	SULFACETAMIDE	DB00634	10169	IN
SULFACYTINE	T795873AJP	SULFACYTINE	DB01298	78902	IN
SULFADIAZINE	0N7609K889	SULFADIAZINE	DB00359	10171	IN
SULFADIMETHOXINE	30CPC5LDEX	SULFADIMETHOXINE	DB06150	10172	IN
SULFADOXINE	88463U4SM5	SULFADOXINE	DB01299	10173	IN
SULFALENE	T6BL4ZC15G	SULFAMETOPYRAZINE	DB00664	10175	IN
SULFAMERAZINE	UR1SAB295F	SULFAMERAZINE	DB01581	10176	IN
SULFAMETHAZINE	48U51W007F	SULFAMETHAZINE	DB01582	10178	IN
SULFAMETHIZOLE	25W8454H16	SULFAMETHIZOLE	DB00576	10179	IN
SULFAMETHOXAZOLE	JE42381TNV	SULFAMETHOXAZOLE	DB01015	10180	IN
SULFAMOXOLE	HGG82XE020	SULFAMOXOLE	DB08798	10183	IN
SULFANILAMIDE	21240MF57M	SULFANILAMIDE	DB00259	10184	IN
SULFAPHENAZOLE	0J8L4V3F81	SULFAPHENAZOLE	DB06729		
SULFAPYRIDINE	Y5V2N1KE8U	SULFAPYRIDINE	DB00891	10188	IN
SULFASALAZINE	3XC8GUZ6CB	SULFASALAZINE	DB00795	9524	IN
SULFATHIAZOLE	Y7FKS2XWQH	SULFATHIAZOLE	DB06147	10193	IN
SULFISOXAZOLE	740T4C525W	SULFISOXAZOLE	DB00263	10207	IN
SULFOXONE	0G3C18OH4D	SULFOXONE	DB01145		
SULTHIAME	I00Q766CZ2	SULTHIAME	DB08329	10240	IN
SUMATRIPTAN	8R78F6L9VO	SUMATRIPTAN	DB00669	37418	IN
SUNITINIB	V99T50803M	SUNITINIB	DB01268	357977	IN
SURAMIN	6032D45BEM	SURAMIN	DB04786	10256	IN
TACRINE	4VX7YNB537	TACRINE	DB00382	10318	IN
TADALAFIL	742SXX0ICT	TADALAFIL	DB00820	358263	IN
TAFLUPROST	1O6WQ6T7G3	TAFLUPROST	DB08819	1244607	IN
TAGATOSE	T7A20Y888Y	TAGATOSE	DB04936		
TALAMPANEL	CVS43XG1L5	TALAMPANEL	DB04982		
TAMIBAROTENE	08V52GZ3H9	TAMIBAROTENE	DB04942		
TAMSULOSIN	G3P28OML5I	TAMSULOSIN	DB00706	77492	IN
TANAPROGET	W9F9H8GXWR	TANAPROGET	DB04787		
TANDUTINIB	E1IO3ICJ9A	MLN-518	DB05465		
TAPENTADOL	H8A007M585	TAPENTADOL	DB06204	787390	IN
TASOSARTAN	48G92V856H	TASOSARTAN	DB01349		
TAZAROTENE	81BDR9Y8PS	TAZAROTENE	DB00799	83947	IN
TAZOBACTAM	SE10G96M8W	TAZOBACTAM	DB01606	37617	IN
TECADENOSON	GZ1X96601Z	TECADENOSON	DB04954		
TELAPREVIR	655M5O3W0U	TELAPREVIR	DB05521	1102261	IN
TELBIVUDINE	2OC4HKD3SF	TELBIVUDINE	DB01265	474128	IN
TEMOZOLOMIDE	YF1K15M17Y	TEMOZOLOMIDE	DB00853	37776	IN
TENOCYCLIDINE	8BQ45Q6VCL	TENOCYCLIDINE	DB01520		
TERBINAFINE	G7RIW8S0XP	TERBINAFINE	DB00857	37801	IN
TERT-BUTYL ALCOHOL	MD83SFE959	2-METHYL-2-PROPANOL	DB03900	1363061	IN
TESMILIFENE	I43T3ID6G2	TESMILIFENE	DB04905		
TESTOLACTONE	6J9BLA949Q	TESTOLACTONE	DB00894	10378	IN
TESTOSTERONE PROPIONATE	WI93Z9138A	TESTOSTERONE PROPIONATE	DB01420	10382	PIN
TETRADECANE	03LY784Y58	TETRADECANE	DB03563		
TETRAETHYLAMMONIUM	5AV7G7EIEE	TETRAETHYLAMMONIUM	DB08837		
TETRAHYDROPYRAN	V06I3ILG6B	TETRAHYDROPYRAN	DB02412		
TETRAPHENYLPHOSPHONIUM	U9IF5Y5IND	TETRAPHENYLPHOSPHONIUM	DB02791		
THENALIDINE	6U94N2D00F	THENALIDINE	DB04826		
THENOYLTRIFLUOROACETONE	MYQ9MNW7NI	THENOYLTRIFLUOROACETONE	DB04795		
THIABENDAZOLE	N1Q45E87DT	THIABENDAZOLE	DB00730	10450	IN
THIAMPHENICOL	FLQ7571NPM	THIAMPHENICOL	DB08621	10463	IN
THIETHYLPERAZINE	8ETK1WAF6R	THIETHYLPERAZINE	DB00372	10471	IN
THIOGUANINE ANHYDROUS	WIX31ZPX66	TIOGUANINE	DB00352	1546005	PIN
THIOPROPERAZINE	YJ050AQ56X	THIOPROPERAZINE	DB01622	10498	IN
THIOTEPA	905Z5W3GKH	THIOTEPA	DB04572	10473	IN
THIOTHIXENE	7318FJ13YJ	THIOTHIXENE	DB01623	10510	IN
THYMIDINE 5'-MONOPHOSPHATE	43W3021X6C	THYMIDINE-5'-PHOSPHATE	DB01643		
THYMINE	QR26YLT7LT	THYMINE	DB03462	1368871	IN
TIAGABINE	Z80I64HMNP	TIAGABINE	DB00906	31914	IN
TICAGRELOR	GLH0314RVC	TICAGRELOR	DB08816	1116632	IN
TICARCILLIN	F93UJX4SWT	TICARCILLIN	DB01607	10591	IN
TICRYNAFEN	HC95205SY4	TICRYNAFEN	DB04831		
TIGECYCLINE	70JE2N95KR	TIGECYCLINE	DB00560	384455	IN
TILUDRONIC ACID	6PNS59HP4Y	TILUDRONATE	DB01133	11476	IN
TINIDAZOLE	033KF7V46H	TINIDAZOLE	DB00911	10612	IN
TIPIFARNIB	MAT637500A	R115777	DB04960		
TIZANIDINE	6AI06C00GW	TIZANIDINE	DB00697	57258	IN
TOBRAMYCIN	VZ8RRZ51VK	TOBRAMYCIN	DB00684	10627	IN
TOLAZAMIDE	9LT1BRO48Q	TOLAZAMIDE	DB00839	10633	IN
TOLAZOLINE	CHH9H12AQ3	TOLAZOLINE	DB00797	10634	IN
TOLBUTAMIDE	982XCM1FOI	TOLBUTAMIDE	DB01124	10635	IN
TOLCAPONE	CIF6334OLY	TOLCAPONE	DB00323	72937	IN
TOLMETIN	D8K2JPN18B	TOLMETIN	DB00500	10636	IN
TOLNAFTATE	06KB629TKV	TOLNAFTATE	DB00525	10637	IN
TOLRESTAT	0T93LG5NMK	TOLRESTAT	DB02383	38386	IN
TOLTERODINE	WHE7A56U7K	TOLTERODINE	DB01036	119565	IN
TOLUENE	3FPU23BG52	TOLUENE	DB01900	1311381	IN
TOPIRAMATE	0H73WJJ391	TOPIRAMATE	DB00273	38404	IN
TOPOTECAN	7M7YKX2N15	TOPOTECAN	DB01030	57308	IN
TOREMIFENE	7NFE54O27T	TOREMIFENE	DB00539	38409	IN
TRABECTEDIN	ID0YZQ2TCP	TRABECTEDIN	DB05109		
TRAMETINIB	33E86K87QN	TRAMETINIB	DB08911	1425099	IN
TRAVOPROST	WJ68R08KX9	TRAVOPROST	DB00287	283809	IN
TRAZODONE	YBK48BXK30	TRAZODONE	DB00656	10737	IN
TREPROSTINIL	RUM6K67ESG	TREPROSTINIL	DB00374	343048	IN
TRETINOIN	5688UTC01R	TRETINOIN	DB00755	10753	IN
TRIAMCINOLONE	1ZK20VI6TY	TRIAMCINOLONE	DB00620	10759	IN
TRIAMTERENE	WS821Z52LQ	TRIAMTERENE	DB00384	10763	IN
TRIAZOLAM	1HM943223R	TRIAZOLAM	DB00897	10767	IN
TRICLOSAN	4NM5039Y5X	TRICLOSAN	DB08604	10795	IN
TRICOSANOIC ACID	MUC9A0MS6V	TRICOSANOIC ACID	DB03500		
TRIDECANOIC ACID	19936LIY2V	N-TRIDECANOIC ACID	DB02448		
TRIETHYL PHOSPHATE	QIH4K96K7J	TRIETHYL PHOSPHATE	DB03347		
TRIFLUOPERAZINE	214IZI85K3	TRIFLUOPERAZINE	DB00831	10800	IN
TRIFLUPROMAZINE	RO16TQF95Y	TRIFLUPROMAZINE	DB00508	10805	IN
TRIFLURIDINE	RMW9V5RW38	TRIFLURIDINE	DB00432	10803	IN
TRIHYDROXYCHALCONE	B9CTI9GB8F	2',4,4'-TRIHYDROXYCHALCONE	DB03285		
TRILOSTANE	L0FPV48Q5R	TRILOSTANE	DB01108	38668	IN
TRIMETHADIONE	R7GV3H6FQ4	TRIMETHADIONE	DB00347	10827	IN
TRIMETHOBENZAMIDE	W2X096QY97	TRIMETHOBENZAMIDE	DB00662	38685	IN
TRIMETHOPRIM	AN164J8Y0X	TRIMETHOPRIM	DB00440	10829	IN
TRIMETREXATE	UPN4ITI8T4	TRIMETREXATE	DB01157	42333	IN
TRIOXSALEN	Y6UY8OV51T	TRIOXSALEN	DB04571	10844	IN
TRIPELENNAMINE	3C5ORO99TY	TRIPELENNAMINE	DB00792	10847	IN
TRIPROLIDINE	2L8T9S52QM	TRIPROLIDINE	DB00427	10849	IN
TROLEANDOMYCIN	C4DZ64560D	TROLEANDOMYCIN	DB01361	10864	IN
TRYPTAMINE	422ZU9N5TV	2-(1H-INDOL-3-YL)ETHANAMINE	DB08653		
TRYPTOPHANAMIDE	0K2B9SB26H	L-TRYPTOPHANAMIDE	DB04537		
TUBOCURARINE	W9YXS298BM	TUBOCURARINE	DB01199	10917	IN
TYMAZOLINE	U993RH5585	TYMAZOLINE	DB08803		
TYROSINE AMIDE	05LU01CS4T	L-TYROSINAMIDE	DB03380		
UNDECANAL	B6P0A9PSHN	UNDECANAL	DB04093		
URACIL MUSTARD	W7KQ46GJ8U	URACIL MUSTARD	DB00791	10996	IN
URETHANE	3IN71E75Z5	ETHYL CARBAMATE	DB04827	1420982	IN
URIC ACID	268B43MJ25	URIC ACID	DB08844	1427088	IN
URSODIOL	724L30Y2QR	URSODEOXYCHOLIC ACID	DB01586	11065	PIN
VALACYCLOVIR	MZ1IW7Q79D	VALACICLOVIR	DB00577	73645	IN
VALDECOXIB	2919279Q3W	VALDECOXIB	DB00580	278567	IN
VALERALDEHYDE	B975S3014W	PENTANAL	DB01919		
VALERIC ACID	GZK92PJM7B	N-VALERIC ACID	DB02406	1546454	IN
VALPROIC ACID	614OI1Z5WI	VALPROIC ACID	DB00313	11118	PIN
VALPROMIDE	RUA6CWU76G	VALPROMIDE	DB04165	23420	IN
VANCOMYCIN	6Q205EH1VU	VANCOMYCIN	DB00512	11124	IN
VANDETANIB	YO460OQ37K	VANDETANIB	DB05294	1098413	IN
VAPITADINE DIHYDROCHLORIDE	R612XR8A9F	VAPITADINE DIHYDROCHLORIDE	DB05738		
VARDENAFIL	UCE6F4125H	VARDENAFIL	DB00862	306674	IN
VARENICLINE	W6HS99O8ZO	VARENICLINE	DB01273	591622	IN
VECURONIUM	5438723848	VECURONIUM	DB01339	71535	IN
VEMURAFENIB	207SMY3FQT	VEMURAFENIB	DB08881	1147220	IN
VILAZODONE	S239O2OOV3	VILAZODONE	DB06684	1086769	IN
VIRGINIAMYCIN M1	8W4UOL59AZ	VIRGINIAMYCIN M1	DB01669		
VISMODEGIB	25X868M3DS	VISMODEGIB	DB08828	1242987	IN
VOGLIBOSE	S77P977AG8	VOGLIBOSE	DB04878		
VORICONAZOLE	JFU09I87TR	VORICONAZOLE	DB00582	121243	IN
VORINOSTAT	58IFB293JI	VORINOSTAT	DB02546	194337	IN
XYLOMETAZOLINE	WPY40FTH8K	XYLOMETAZOLINE	DB06694	39841	IN
YOHIMBINE	2Y49VWD90Q	YOHIMBINE	DB01392	220982	IN
ZAFIRLUKAST	XZ629S5L50	ZAFIRLUKAST	DB00549	114970	IN
ZALCITABINE	6L3XT8CB3I	ZALCITABINE	DB00943	3363	IN
ZALEPLON	S62U433RMH	ZALEPLON	DB00962	74667	IN
ZANAMIVIR	L6O3XI777I	ZANAMIVIR	DB00558	69722	IN
ZANAPEZIL	0A0800O89N	ZANAPEZIL	DB04859		
ZIDOVUDINE	4B9XT59T7S	ZIDOVUDINE	DB00495	11413	IN
ZIMELDINE	3J928617DW	ZIMELIDINE	DB04832		
ZIPRASIDONE	6UKA5VEJ6X	ZIPRASIDONE	DB00246	115698	IN
ZOLMITRIPTAN	2FS66TH3YW	ZOLMITRIPTAN	DB00315	135775	IN
ZOLPIDEM	7K383OQI23	ZOLPIDEM	DB00425	39993	IN
ZOMEPIRAC	822G987U9J	ZOMEPIRAC	DB04828	39994	IN
ZONISAMIDE	459384H98V	ZONISAMIDE	DB00909	39998	IN
ZUCLOPENTHIXOL	47ISU063SG	ZUCLOPENTHIXOL	DB01624	114176	IN
ZUCLOPENTHIXOL ACETATE	349S2ZHF05	ZUCLOPENTHIXOL ACETATE	DB08919	58338	PIN
ZUCLOPENTHIXOL DECANOATE	TSS9KIZ5OG	ZUCLOPENTHIXOL DECANOATE	DB08920	58339	PIN
